_ - chunk_number	Archive	File	_ - xml:id	_ - heading	_ - span	_ - entry	_ - credit	_ - subheading	_ - organizations - _ - org_type	_ - organizations - _ - title	clustered organization	_ - organizations - _ - descriptive_name	_ - organizations - _ - relations - _ - category	_ - organizations - _ - relations - _ - specific_relation	_ - organizations - _ - relations - _ - original_sentence	_ - organizations - _ - relations - _ - role_title	_ - organizations - _ - relations - _ - date_start - date	_ - organizations - _ - relations - _ - date_end - date	_ - organizations - _ - locations - _ - settlement	_ - organizations - _ - locations - _ - Venue	_ - organizations - _ - locations - _ - country	_ - organizations - _ - locations - _ - province	_ - organizations - _ - locations - _ - address	_ - organizations - _ - locations - _ - datefrom - date	_ - organizations - _ - locations - _ - dateto - date	_ - organizations - _ - founding_date - date	_ - endnotes - endnotes	_ - family_background - _ - description	_ - family_background - _ - financial	_ - family_background - _ - religion	_ - family_background - _ - theater_connection	_ - family_background - _ - structure	name_type	confidence	review_stratum	review_stratum_desc	reviewer_correct	reviewer_suggested_type	reviewer_notes
	drive-download-20260308T052916Z-1-001.zip	volume7IIIorg.json	facs_12_tr_1756389600	בערנאַס, י.	6143-6145				group			יידישע ליטעראַרישע קרייזן	Affiliation_Membership	member	בכן, אַ מענטש, וואָס האָט געהאַט אַ געוויסן שיכות צו די יידישע ליטעראַרישע קרייזן.																		descriptive_term	high	S4	descriptive_term + high, no title			
	drive-download-20260308T052916Z-1-001.zip	volume7IIIorg.json	facs_76_r	קאַטץ, איזידאָר [יצחק-קלמן]	6288-6288				theatre	פרענקלין פּאַרק טעאַטער	פרענקלין פּאַרק טעאַטער		Leadership_Ownership	owner_manager	1930-31 — מענעדזשער פֿון פרענקלין פּאַרק טעאַטער	מענעדזשער	1930	1931															proper_name	medium	S2	proper_name + medium confidence			
	drive-download-20260308T052916Z-1-001.zip	Volume_3IIIorg.json	facs_16_tr_1752653044	פאָזי אַריה [ישראל אַריה פּאָזיקאָוו]	1609-1611				troupe	יידישדראַמאַטישן קרייז	יידישדראַמאַטישן קרייז		Production_Distribution	produced_by	"אויפגעפירט דעם 23 מערץ 1932 דורכן ""יידישדראַמאַטישן קרייז"" אין מילוואָקי"	דראַמאַטישער קרייז	1932-03-23		מילוואָקי		אַמעריקע						ז. וויינפּער — אַריה פּאָזי׳ס „האַקנקרייץ“, „אויפקום“, נ. י., נאָוו. דעצ., 1935.						proper_name	high	S1	proper_name + high confidence			
	drive-download-20260308T052916Z-1-001.zip	Volume_3IIIorg.json	facs_29_tr_1752653013	פּאָלאַקעוויטש, משה	1635-1635				troupe	זשיטאָמירסקי	זשיטאָמירסקי	טרופּע	Employment_Performance	performer	דערנאָך שפּילט ער אַלס פֿאָטער-ראָליסט אין די טרופּעס פֿון זשיטאָמירסקי	פֿאָטער-ראָליסט																	proper_name	high	S1	proper_name + high confidence			
	drive-download-20260308T052916Z-1-001.zip	Volume_3IIIorg.json	facs_29_tr_1752653003	פאָליאַקאָוו, אַהרן [פּאָליאַטשעק]	1636-1636				theatre			קליינקונסט-טעאַטערס	Employment_Performance	performer	ספּעציאָליזירט אַלס מאָנאָלאָגיסט אין קליינקונסט-טעאַטערס	מאָנאָלאָגיסט																	descriptive_term	medium	S5	descriptive_term + medium, no title			
	drive-download-20260308T052916Z-1-001.zip	Volume_3IIIorg.json	facs_36_tr_1752653027	פּאַפאַק, ה.	1649-1649				theatre	קאַמינסקי טעאַטער	קאַמינסקי-טעאַטער		Production_Distribution	produced_by	"אין 1931 האָט זיגמונט טורקאָוו אויפֿגעפֿירט אין וואַרשעווער „קאַמינסקי טעאַטער"""		1931		וואַרשע	קאַמינסקי טעאַטער				1931									proper_name	high	S1	proper_name + high confidence			
	drive-download-20260308T052916Z-1-001.zip	Volume_3IIIorg.json	facs_116_tr_1754820291	פּיקאָן, מאַלי	1809-1824																						א. פֿרומקין — מאַלי פיקאָן אַלס „דאָס ראַדיאָ מיידעל“, „ברוקלינער אידישע שטימע“, נ. י. 8 נאָוו. 1929.						ambiguous	low	S7	ambiguous + low, nearly empty			
	drive-download-20260308T052916Z-1-001.zip	Volume_3IIIorg.json	facs_147_tr_1754213832	פריזאַמענט, יעקב	1872-1872								Production_Distribution	produced_by	די אַלע דערמאָנטע פּיעסן זיינען געששפּילט געוואָרן אויף דער לעמבערגער יידישער בינע																		ambiguous	low	S6	ambiguous + low, has context			
	drive-download-20260308T052916Z-1-001.zip	Volume_3IIIorg.json	facs_160_tr_1755156219	פרץ, יצחק לייבוש	1898, 1899, 1900, 1901, 1902, 1903, 1904, 1905, 1906, 1907, 1908, 1909, 1910, 1911, 1912, 1913, 1914, 1915, 1916, 1917, 1918, 1919, 1920, 1921, 1922, 1923, 1924, 1925, 1926, 1927, 1928, 1929, 1930, 1931, 1932, 1933, 1934, 1935, 1936, 1937, 1938, 1939, 1940, 1941, 1942, 1943, 1944, 1945, 1946, 1947, 1948, 1949, 1950, 1951, 1952, 1953, 1955, 1955, 1956, 1957, 1958, 1959, 1960, 1961, 1962, 1963, 1964, 1965, 1966, 1967, 1968, 1970, 1971, 1975, 1973, 197, 1975, 1976, 1977, 1978, 1979, 1980, 1982, 1983, 1984, 61, 1986, 1987, 1988, 1989, 1990, 1091, 1992, 1893, 1994, 1995, 1996, 187, 1998, 1998, 2000, 2001, 2002, 2003, 2004, 2005, 2006, 2007, 2008, פואב, 2010, 2011, 2012, 3013, 2014, 2015, 2016, 2017, 2018, 3010, 2020, 2021, בו, 2033, 2024, 2025, 2020, 2027, 2028, 2029, 2030, 2031, 2032, 2033, 2034, 2035, 2036, 2037, 2038, 2038, 2040, 2041, 2042, 2043, 2044, 2045, 2047, 2048, 4, 2050, 2051, 11, 2053, 2054, 2055, 2056, 3057, 2058, 2059, 2060, 2081, 66, 2063, 2064, 3855, 2066, 2067, 2068, 2069, 2070, 2071, 2072, 2073, 2074, 2075, 2076																						"דר. גרשון לעווין - ""פרץ"", ווארשא, 1919, זז. 73, 84-86, 93-98 104-107."						ambiguous	low	S7	ambiguous + low, nearly empty			
	drive-download-20260308T052916Z-1-001.zip	Volume_3IIIorg.json	facs_160_tr_1755156219	פרץ, יצחק לייבוש	1898, 1899, 1900, 1901, 1902, 1903, 1904, 1905, 1906, 1907, 1908, 1909, 1910, 1911, 1912, 1913, 1914, 1915, 1916, 1917, 1918, 1919, 1920, 1921, 1922, 1923, 1924, 1925, 1926, 1927, 1928, 1929, 1930, 1931, 1932, 1933, 1934, 1935, 1936, 1937, 1938, 1939, 1940, 1941, 1942, 1943, 1944, 1945, 1946, 1947, 1948, 1949, 1950, 1951, 1952, 1953, 1955, 1955, 1956, 1957, 1958, 1959, 1960, 1961, 1962, 1963, 1964, 1965, 1966, 1967, 1968, 1970, 1971, 1975, 1973, 197, 1975, 1976, 1977, 1978, 1979, 1980, 1982, 1983, 1984, 61, 1986, 1987, 1988, 1989, 1990, 1091, 1992, 1893, 1994, 1995, 1996, 187, 1998, 1998, 2000, 2001, 2002, 2003, 2004, 2005, 2006, 2007, 2008, פואב, 2010, 2011, 2012, 3013, 2014, 2015, 2016, 2017, 2018, 3010, 2020, 2021, בו, 2033, 2024, 2025, 2020, 2027, 2028, 2029, 2030, 2031, 2032, 2033, 2034, 2035, 2036, 2037, 2038, 2038, 2040, 2041, 2042, 2043, 2044, 2045, 2047, 2048, 4, 2050, 2051, 11, 2053, 2054, 2055, 2056, 3057, 2058, 2059, 2060, 2081, 66, 2063, 2064, 3855, 2066, 2067, 2068, 2069, 2070, 2071, 2072, 2073, 2074, 2075, 2076																						"פ. קאַץ — קינדער-טעאַטער און קינדער-יאַנטעוו, „די פרעסע“, ב""א, 13 אַפּריל 1943."						ambiguous	low	S7	ambiguous + low, nearly empty			
	drive-download-20260308T052916Z-1-001.zip	Volume_3IIIorg.json	facs_271_tr_1755674157	בירנבוים, יוסף	2120-2120								Leadership_Ownership	owner_manager	אין 1935 ווערט ער אַ שותף צו ליטמאַנען	שותף	1935																ambiguous	low	S6	ambiguous + low, has context			
163	drive-download-20260308T052916Z-1-001.zip	Volume_3IIIorg.json	facs_316_tr_1756045031	לעווין, דזשוליאַ	2209-2209	"געבוירן אין ניו יאָרק, אַמעריקע. פֿאָטער. בנימין, אַ קולטור-טוער און לאַנג-יאָריקער אָנפֿירער פֿון דער „פֿאָלקסבינע"". באַקומען אַן אַלגעמיינע און יידיש-וועלטלעכע דערציאונג אין די אַרבעטער-ריג שולן. פֿון קינדווייז אָן פֿאַראינטערעסירט אין טאַנץ. שטודירט די טאַנץ-קונסט אין דער איזידאַראַ דונקאָן-שול אונטער דער לייטונג פֿון אוירמאַ און אָננאַ דונקאַן און מיט קרייצבערגן. דערנאָך אויפֿגעטראָטן ווי אַ טאַנץ-סאָליסטקע און אין אַ טאַנץ-גרופּע אין ניו יאָרק און אַנדערע גרויסע אַמעריקאַנער שטעט ווי אויך אין אַנדערע לענדער. ל. איז געווען אַ לענגערע צייט פֿאַרבונדן מיט דער „פֿאָלקסבינע"" אין ניו יאָרק, פֿאַר וועלכער זיי האָט געשאַפֿן און איינגעשטעלט די כאָרעאָגראַפֿיע פֿאַר ראָטבאומס און ליכטס אויפֿפֿירונגען פֿון „דאָס גרויסע געווינס"" פֿון שלום עליכם, „מנחם מענדל חלומ'ט“ לויט שלום עליכם, „אין פּאָליש אויף דער קייט"" פֿין י. ל. פרץ, ""יהודית"" פֿון פֿרידריך העבעל און דוד ליכטס „אַ מעשה מיט אַ פּרינץ""."	ש.ע. פֿון בניכין לעתין.		theatre	פֿאָלקסבינע	פֿאָלקסבינע		Employment_Performance	artistic_staff	"ל. איז געווען אַ לענגערע צייט פֿאַרבונדן מיט דער „פֿאָלקסבינע"" אין ניו יאָרק, פֿאַר וועלכער זיי האָט געשאַפֿן און איינגעשטעלט די כאָרעאָגראַפֿיע"	כאָרעאָגראַפֿ			ניו יאָרק		אַמעריקע						"""פערציק יאָר פֿאָלקסבינע“, ניו יאָרק, 1955, ז. 161."	"פֿאָטער. בנימין, אַ קולטור-טוער און לאַנג-יאָריקער אָנפֿירער פֿון דער „פֿאָלקסבינע"""		maskilic_secular	connected		proper_name	medium	S2	proper_name + medium confidence			
194	drive-download-20260308T052916Z-1-001.zip	Volume_3IIIorg.json	facs_341_tr_1756106971	לערער שפרה	2259-2259	"געבוירן אין דער קאָלאָניע סאַנטאַ קאַטאָלינאַ, אַרגענטינע, ווייט אָפּגעזונדערט פֿון די גרעסערע יידישע ישובים, אָבער אַ דאַנק דער וואָרעמער באַציאונג פֿון איר משפּחה, איינגעזאַפּט אין זיך פֿון דער פֿריעסטער קינדהייט באַקאַנטשאַפֿט מיט דער יידישער ליטעראַטור, באַזונדערס נאָכדעם ווי די פאַמיליע טראָגט זיך איבער קיין בוענאָס איירעס. אין עלטער פֿון 8 יאָר, לויט דער רעקאָמענדאַציע פֿון איר שוועסטער, די שוישפּילערין מרים לערער, אָנגעהויבן שפּילן קינדער-ראָלן מיטן גאַסטראָלירנדיקן באָריס טאָמאַשעווסקי, און פֿאַרבליבן דערביי אַ געוויסע צייט. אַזוי האָט זי זיך, אין עלטער פֿון 10 יאָר, באַטייליקט אין יעקב באַטאַשאַנסקיס אויפֿפֿירונג פֿון ל. מלאָך'ס „איבערגוס"" מיט אַ דראַמקרייז. ווי אַ דערוואַקסענע האָט זי אָנגעהויבן שטודירן דראַמאַטישע קונסט אין אַ שפּאַנישער דראַמ-שול און דערנאָך געשפּילט דריי יאָר אויף דער שפּאַנישער בינע. ל. גייט דורך דערפֿאָלגרייך דעם עקזאָמען פֿון יידישן אַרטיסטןפֿאַראיין, ווערט אַ מיטגליד, און הייבט אָן שפּילן יידיש מיט די גאַסטראָלערן מרים קאַראָלאָוואָ-קאַמבאַראָוו, דערנאָך מיט משה אוישער און פֿלאָרענס ווייס, און פֿאַרענדיקט דעם סעזאָן מיט זיגמונט טורקאָוו אין די הויפּט-דראַמאַטישע ראָלן אין די פּיעסן „אורטייל“, „הירש לעקערט“, „איוואַן קרוגער"" און דער „גלאָקן-ציער פֿון נאָטרדאָם“. ל. שפּילט דערויף מיט די גאַסטראָלערן יעקב בן עמי און בערטאַ גערסטין („רות"" אין וואָלפס „פּראָפעסאָר „מאַמלאָק“, „באָב"" אין לייוויקס „דער פּאָעט איז בלינד געוואָרן“ און „בערטאָ“ אין סטרינדבערגס „דער פֿאָטער“), מיט סעמועל גאָלדענבורג („היימי"" אין קאַלמאַנאָוויטשעס „היינטיקע קינדער“) און מיט מאָריס שוואַרץ („מלכהלע"" אין זינגערס „יאָשע קאַלב“, „רייזל"" אין שלום אַשס „תהלים-ייד“, ""עליזאַבעט"" אין לייוויקס „ווער איז ווער“, „חוה"" אין שלום עליכמס „טוביה"" און אין שלום עליכמס „סענדער בלאַנק""). אין 1943 ווערט ל., אויף דער רעקאָמענדאַציע פֿון סעמועל גאָלדענבורג, אָנגאַזשירט אין ברוקלינער פּאַרקוועי-טעאַטער דורך גאָלדבערג-דזשייקאָבס און טרעט אויף אין דער פּיעסע „פֿון ניו יאָרק קיין בערלין"". נאָכן שפּילן דאָרט אַ סעזאָן, נעמט זי אַרויסטרעטן מיט קאָנצערטן ביי פֿאַרשידענע אונטערנעמונגען פֿון יידישע אָרגאַניזאַציעס, ווי אַרבעטער-רינג, יידיש נאַציאָנאַלער אַרבעטער פֿאַרבאַנד און הסתדרות, זומער 1944 אין קעמפּ „בויבעריק"" און זומער 1945 — אין אַרבעטער-רינג קעמפּ. אין 1946 פֿאָרט ל. צוריק קיין אָרגענטינע, וואו זיי טרעט אויף צוזאַמען מיט בן-ציון וויטלער אין טעאַטער „מיטרע“, און זינט דאַמאָלט מאַכט זי מיט דעם זעלבן וואַנדער-וועג און טעאַטער קאַריערע וואָס בן ציון ווייטלער מיט וועמען זיי האָט חתונה אין 1957. אין 1949 איז ל. געוואָרן אַ מיטגליד אין דער יידישער אַקטיאָרןיוניע. אין 1950 האָט ל. זיך באַטייליקט אין דער ראָל „פריידעניו"" אין פֿילם „גאָט, מענטש און טייוול"" מיט מיכאָל מיכאַלעסקאָ און גוסטאָוו בערגער. אין 1952 האָט ל. זיך באַטייליקט אין הערמאַן יאַבלאָקאָווס אויפפֿירונג פֿון בנימין רעסלערס „אַנקל סעם אין ישראל"" אין פּאָבליקטעאַטער, ניו יאָרק."	ש. ע.		troupe			גאַסטראָלירנדיקן באָריס טאָמאַשעווסקי	Employment_Performance	performer	אָנגעהויבן שפּילן קינדער-ראָלן מיטן גאַסטראָלירנדיקן באָריס טאָמאַשעווסקי	קינדער-ראָלן											"יעקב באַטאַשאַנסקי — צום היינטיקן יום טוב פֿון שרה לערער אין „מיטרע"" „די פרעסע“, ב""א, 18 אָקט. 1951"	די שוישפּילערין מרים לערער			connected		descriptive_term	medium	S5	descriptive_term + medium, no title			
	drive-download-20260308T052916Z-1-001.zip	Volume_3IIIorg.json	facs_351_tr_1756108349	ראָזענצווייג, ראוז-לי	2279-2279				organization			יידישע אָרגאַניזאַציעס	Employment_Performance	performer	ר. טרעט אויך אויף אַלס זינגערין ביי פֿאַרשיידענע אונטערנעמונגען פֿון יידישע אָרגאַניזאַציעס	זינגערין																	descriptive_term	medium	S5	descriptive_term + medium, no title			
	drive-download-20260308T052916Z-1-001.zip	Volume_3IIIorg.json	facs_375_tr_1755856142	שוואַרץ, מאָריס [אַברהם משה]	2327-2368																						ד. נ. סווערדלין — ביים פאַרהאַנג, „טאג-מאָז“ש“, נ. י., 24 נאָוו. 1955						ambiguous	low	S7	ambiguous + low, nearly empty			
	drive-download-20260308T052916Z-1-001.zip	Volume_3IIIorg.json	facs_402_tr_1755856047	רומשינסקי, יוסף [רומשיסקי]	2307-2406																						"ל. קרישטאָל — דער גאָלדענער פֿאַדים פֿון אידישען טעאַטער, „פא""ש“, נ. י. 21 נאוו. 1924."						ambiguous	low	S7	ambiguous + low, nearly empty			
	drive-download-20260308T052916Z-1-001.zip	volume6IIIorg.json	facs_22_tr_1747746198	אַכראָן, יוסף	4870-4880				society	געזעלשאַפֿט פֿאַר יידישער מוזיק	געזעלשאַפֿט פֿאַר יידישער מוזיק		Affiliation_Membership	member	אין 1911 איז ער צוגעצויגן געוואָרן צו דער „געזעלשאַפֿט פֿאַר יידישער מוזיק“		1911		פּעטערבורג							1908	הערמאַן סוועט — יוסף אַכראָן, „ליטבל'ט“, וואַרשע, נ' 23, 1936.						proper_name	medium	S9	random cross-check			
	drive-download-20260308T052916Z-1-001.zip	volume6IIIorg.json	facs_59_r_33	פעדער, אייזיק [פּעדאָרעסקו]	4951-4951				troupe			פֿאַרשיידענע פּראָווינץ-טרופּעס	Employment_Performance	performer	פֿון 1917 ביז 1930 געוואַנדערט מיט פֿאַרשיידענע פּראָווינץ-טרופּעס איבער רוסלאַנד		1917	1930			רוסלאַנד			1917	1930								descriptive_term	medium	S5	descriptive_term + medium, no title			
103	drive-download-20260308T052916Z-1-001.zip	volume6IIIorg.json	facs_102_tr_1747825160	פעניגשטיין, אַדאָלף	5038-5038	"געבוירן 1892 אין וואַרשע, פּוילן. עלטערן — אייגנטימער פֿון אַ שמוקלערפֿאַבריק. באַקומען אַ היימיש יידישע דערציונג. אין עלטער פֿון 13 יאָר איז ער, אויף זיין פֿאָטערס ווונטש, אויפֿגעטראָטן מיט ליבהאָבער, לטובת אַ וווילטעטיקן צוועק, אַלס „חיים יואל' אין משה ריכטערס „הערצעלע מיוחס"". פֿון דאָזיקן מאָמענט אָן האָט ער דערפֿילט אַ ליבע און אַ דראַנג צו דער בינע, און עס האָט זיך אָנגעהויבן אַ קאָנפליקט צווישן אים און זיין פֿאָטער, וועלכער האָט באין אופֿן נישט געוואָלט, אַז ער זאָל ווערן אַ פּראָפעסיאנעלער אַקטיאָר. פ. פלעגט זיך זינט דעמאָלט אַרענגנבענען אויף די רעפּעטיציעס, אין פּוילישן טעאַטער, און האָט אַ יאָר צייט געלערנט אין אַ פּוילישער דראַמאַטישער שול אין וואַרשע. אין 1908 איז ער אַוועק מיט אַ פּראָפעסיאנעלער יידישער טרופּע אונטער דער דירעקציע פֿון ציפקוס איבער דער פּראָווינץ, ווי ער האָט אָנגעהויבן אַלס כאָריסט, און אַ ביסל שפּעטער באַקומען קליינע ראָלן ביז ער האָט אין 1914 פֿאַרנומען דעם ערשטן פלאַץ אין גענפערס טרופּע, אין רוסלאַנד, אַלס יוגנטלעכער קאָמיקער אין די דעמאָלט-פּאָפּולערע הייסטאָרישע פּיעסן. דאָס האָט אים געבראַכט אַ גרויסן דערפֿאָלג, אָבער אַ קנאַפּע אינערלעכע צופרידנקייט. ווי עס ווערט איבערגעגעבן אין די ""יודישע ביהנע“, האָט ער געשטרעבט צו קונסט „און נישט האָבנדיק קיין מעגלעכקייט צו שפּילן קיין ערנסטע, דורכגעטראַכטע ראָלן, איז ער תמיד אַרומגעאַנגען אומצופרידן. זיין שטרעבונג צו קונסט איז דערפֿילט געוואָרן ערשט נאָך דער רעוואָלוציע אין רוסלאַנד, ווען ער האָט זיך, אין 1917, אויפֿן צוזאַמענפֿאָר פֿון די יידישע אַקטיאָרן אין קיעוו, געטראָפן מיט מישע פישזאָן"". אין 1919, ווען ס'איז געגרינדעט געוואָרן דאָס סאָוועטישע ""יידיש קינסטלערישע מלוכה-טעאַטער“ אין אָדעס מיטן אַקטיאָר בערטאַנאָוו אַלס רעזשיסער, האָט פ. דורכגעמאַכט אַן עקזאָמען אָנגענומען צו ווערן, און פֿון 6 אַקטיאָרן האָט ער געווונען צו שפּילן די ראָל ""נח"" אין הירשביינס „דער פֿאַרוואָרפענער ווינקל"". אין 1920 איז ער אַריבער קיין רומעניע און דאָרט, צוזאַמען מיט מישע פישזאָן, מיטגעווירקט אין ""יידישן מוסטער און קינסטלערטעאַטער“, ווי ער איז אויפֿגעטראָטן אַלס ""יואָל דוד"" אין מאַרק אַרנשטיינס „ווילנער בעל ביתל“, „אוריאל"" אין גוצקאָווס „אוריאל אַקאָסטאָ“, „איציק"" אין פרץ הירשביינס „פוסטע קרעטשמע"", „חנן"" אָדער ""משולח"" אין ש. אַנסקיס „דיבוק"" און „כלעסטיאַקאָוו"" אין גאָגאָלס ""רעוויזאָר“, גלעכצעטיק האָט ער אָבער, בשעת הדחק, וועטער געשפּילט אַלס געזאַנג-ליבהאָבער אָדער פֿאָט-קאָמיקער אין די אָפּערעטעס. 1923-24 האָט ער, מיט אַ גרויסן דערפֿאָלג, צוזאַמען מיט זיין ברודער הערמאַן פענינשטיין, מישע פישזאָן און וויעראַ זאָסלאַווסקאַ גאַסטראָלירט איבער גאַליציע און פּוילן. פ. איז געקומען שפּעטער אין אַמעריקע ווו ער ווערט אָנגאַזשירט אין פֿילאָדעלפיע. ווי מישע פישזאָן דערציילט אין זיינע זכרונות, האָט מען אים, בעת ער האָט געמאַכט פּראָבע אין דער יידישער אַקטיאָרן יוניע, איבערגעשראָקן, אַז ער האָט ניט אויסגעהאַלטן דעם עקזאָמען און דערפֿון איז ער קראַנק געוואָרן. דעם 30 יוני 1925 איז ב. געשטאָרבן אין פֿילאַדעלפיע."		[געב. 1895 — געשט. 30 יוני 1925]	school	פּוילישער דראַמאַטישער שול	פּוילישער דראַמאַטישער שול		Education_Formation	student	האָט אַ יאָר צייט געלערנט אין אַ פּוילישער דראַמאַטישער שול אין וואַרשע	תּלמיד			וואַרשע								"""יידישע ביהנע“, לעמבערג, נ' 2, 1922"	עלטערן — אייגנטימער פֿון אַ שמוקלערפֿאַבריק. באַקומען אַ היימיש יידישע דערציונג. ... זיין פֿאָטער, וועלכער האָט באין אופֿן נישט געוואָלט, אַז ער זאָל ווערן אַ פּראָפעסיאנעלער אַקטיאָר.	rich	religious	opposed		proper_name	high	S1	proper_name + high confidence			
	drive-download-20260308T052916Z-1-001.zip	volume6IIIorg.json	facs_171_tr_1747825169	קאָוואַלסקאַ, אַסתר	5176-5176				theatre			ליבהאָבער-קרייזן פֿון סווואַלק	Employment_Performance	performer	פֿריער אין די ליבהאָבער-קרייזן פֿון סווואַלק	ליבהאָבער			סווואַלק		פּוילן												descriptive_term	high	S4	descriptive_term + high, no title			
	drive-download-20260308T052916Z-1-001.zip	volume6IIIorg.json	facs_203_tr_1747929008	פֿיינמאַן, דיינע	5239-5253				theatre	פאַוויליאָן-טעאַטער	פאַוויליאָן-טעאַטער		Employment_Performance	performer	"ווי זי טרעט אויף אין „פאַוויליאָן'-טעאַטער אין איבסענס „העדאַ גאָבלער"""		1914	1929	לאָנדאָן	פאַוויליאָן-טעאַטער	ענגלאַנד						יעקב פּ. אַוולער - „מיין לעבען“, „די נייע וואַרהייט“, נ. י., 17 יוני 3 יולי 1925						proper_name	medium	S9	random cross-check			
	drive-download-20260308T052916Z-1-001.zip	volume6IIIorg.json	facs_231_tr_1747928940	שטיין, אַליאָשאַ [אליהו]	5296-5306				school	דראַמאַטישער שול ביי דער קולטור-ליגע	דראַמאַטישער שול ביי דער קולטור-ליגע		Employment_Performance	artistic_staff	"ש. איז אויך געווען לערער אין דער דראַמאַטישער שול ביי דער „קולטור-ליגע"" אין וואַרשע"	לערער			וואַרשע								אַברהם מאָרעווסקי — אַ פֿאַרשוויגענע דאַטע, „די גאָלדענע קייט“, תלאביב, נ' 29, 1957.						proper_name	high	S1	proper_name + high confidence			
204	drive-download-20260308T052916Z-1-001.zip	volume6IIIorg.json	facs_247_tr_1747928913	קאָמפּאַנעעץ, לאה [גאָטליב]	5327-5328	"ק. איז געבוירן געוואָרן אין קיעוו, אוקראינע. עלטערן — סוחרים. שוין אַלס 14 יאָריק מיידל איז זי א'נ „טראָצקאַיאָ“ אַריינגעטראָטן אין דער טרופּע פֿון אַברהם פישזאָן, ווו זי איז גאָר גיך געוואָרן אַ פּרימאַדאָנע. ק. האָט יונג חתונה געהאַט מיטן אַקטיאָר און טעאַטער-דירעקטאָר אַבאַ קאָמפּאַנעעץ און האָט דערמיט פֿאַרבונדן איר גורל מיט זיינעם. לכתחילה איז זי אַרויסגעטראָטן אַלס פּרימאַדאָנע אין די טרופּעס, וואָס איר מאַן האָט געפֿירט אַליין אָדער מיט שותפים. דערנאָך איז זי אַריבער צו דראַמאַטישע ראָלן און שפּעטער צו כאַראַקטער און מוטער-ראָלן. ק. האָט אַ סך יאָרן געליטן פֿון דער דיאַבעטיס-קראַנקייט, וואָס האָט זיך די לעצטע יאָרן ביי איר באַזונדערס פֿאַרשטאַרקט. זי האָט דעריבער לעצטנס ווייניק געשפּילט. איר האַרץ איז אָבער תמיד געווען ביי דער בינע, מיט אירע קינדער און אייניקלעך, ביז דער לעצטע מינוט פֿון איר לעבן האָט זי ניט אויפֿגעהערט צו זאָרגן און טראַכטן וועגן די יידישע אַקטיאָרן, וועלכע זיינען איר געווען אַזוי נאָנט ווי אירע אייגענע קינדער. אין דער לעצטער צייט האָט ק. געלעבט צוזאַמען מיט איר מאַן אין פֿראַנצויזישן שטעטל בען, 180 קילאָמעטער פֿון פאַריז. ווי אַלע יאָר האָט זי אויך דעם לעצטן יום כפּור געפֿאסט. קומענדיק אַהיים נאָכן תענית, האָט זי עפּעס איבערגעכאַפּט און באַלד זיך שלעכט דערפֿילט. ביז עס איז געקומען אַ דאָקטער, איז זי געשטאָרבן. דאָס איז געווען מוצאי יום כפּור (7 אָקטאָבער 1935). דער טויטער קערפּער איז געבראַכט געוואָרן קיין פאַריז, ווו זי האָט געפונען איר אייביקע רו אויפֿן בית-עולם באָניע. דער שוישפּילער לאַזאַר פֿריד כאַראַקטעריזירט זי אַזוי: ""...דער אָנדענק פון לאה קאָמפּאַנעעצס פּערזענלעכקייט איז אַ סך העכער פֿון מיין ווייניקייט אָדער עמעצן אַנדערש. עס איז געווען אַ מענטש גאָר אַן אַנדערער, אַ העכער וועזן פֿון אַ סך פון אונדזער פּראָפעסיע און דערפֿאַר ...דער צוקונפטיקער הייסטאָריקער אָדער פֿאָרשער פון יידישן טעאַטער וועט האָבן אַ וואונדערבאָרן מאַטעריאַל וועגן דער פרוי אָדער פרויען אויף דער יידישער בינע, אָבער פֿון לאה קאָמפּאַנעעץ וועט ער האָבן גאָר אַן אייגנאַרטיקן און אינטערעסאַנטן מאַטעריאַל. זי איז פאַקטיש איינע פֿון די גאָר ערשטע פּיאָנערינס פון יידישן טעאַטער, און זיין אַ פּיאַנערין מיט 45 יאָר צוריק [געשריבן אין 1935] האָט געהייסן זיין גרייט אויף אַ סך אָפּווערוויליקייט און ליידן אויף אַ וועג פֿון דערנער און שטיינער. דער ניוואָ פון דעם דורכשניטלעכן יידישן קליינבירגער איז דאַן געווען גאָר אַ קליינער/ טעאַטער איז געווען כמעט ווי פֿאַרבאָטן צוליב רעליגיעזע און מאָראַלע טעמים, איבערהויפּט פאַר דער פרוי אַקטעריסע, וועלכע איז ביי יידן געווען פֿאַרעכנט אַלס דער סימבאָל פֿון פֿאַרשייטקייט, און דאָס זיינען כמעט געווען די הויפּט-מניעות פאַר די באַשאַפער פון יידישן טעאַטער: שוועריקייטן צום שרייבן און שאַפן פרויען-ראָלן, וועלכע זיינען [דעריבער] מייסטנס געשפּילט געוואָרן פֿון מענער. זייער פֿיל אַקטיאָרן פֿון פֿאַרגאַנגענעם דור האָבן אָנגעפאַנגען מיט פרויען-ראָלן: גראדנער, מאָגולעסקאָ, לייזער צוקערמאַן, פישקינד און אַ סך אַנדערע. די ערשטע פּיעסן אָדער פּורים-שפּילערייען זיינען געשפּילט געוואָרן דורכויס פון מענער, און דערפֿאַר האָבן יידישע פרויען געדאַרפט האָבן אַ ווונדערבאַרן קוראַזש, אַ גוואַלדיקן דראַנג, כדי צו גיין אויף דער יידישער בינע. און אין דעם איז דער גרויסער פֿאַרדינסט פון לאה קאָמפּאַנעעץ, און אין דעם איז דער גרויסער שבח אירער. ...עס איז געווען אַ לעבן פֿון אַרומוואָגלעניש פֿון שטעטל צו שטעטל. דאָרט ווו גענעכטיקט, ניט געטאָגט, אָן אַ היים. דערצו אָנגעשטרענגטע אַרבעט — נייען פֿאַר זיך און פֿאַר די אַנדערע קליידער, צוגרייטן די נויטווענדיקייטן פאַר דער פּיעסע, רעקוויזיט, בוטאַפאָרן, און טאַקע זיין די בילעטן-פאַרקויפערין און ניט איינמאָל שטיין ביי דער טיר קאָנטראָלירן. ביי דעם אַלעם פֿאַרנעמען זיך מיט קינדער-דערציונג, זיין אַ פרוי, אַ מאַמע. און אַ מאַמע איז זי אַלעמאָל געווען, סיי צו אייגענע און סיי צו אונדז, דעמאָלט יונגע אַקטיאָרן. דערצו האָט זי געהאַט אַ באַשטימטן חן, וואָס מען קאָן זעלטן געפֿינען צווישן פרויען אויף דער בינע, אַ שטאַרקע צוגעלאָזנקייט פאַר וועלכער מען האָט געהאַט אי דרך-אַרץ אי ליבע. אַ קליין יינגל בין איך געווען ווען איך האָב זיי געזען צום ערשטן מאָל. זי האָט געשפּילט אַ ראָלע פֿון אַ יידישער פּרינצעסין אין איינער פֿון גאָלדפאַדנס מוזיקאַלישע דראַמעס. מיט וואָס פאַר אַ חן און וואָס פאַרע שטעל. עס האָט געטראָגן פֿון איר געשטאָלט! און מיט אַ פאַר יאָר שפּעטער בין איך געוואָרן אַ מיטגליד פֿון איר טרופּע/ פֿאַקטיש האָב איך דעם ערשטן מאָלצייט און דעם ערשטן געלעגער באַקומען אין איר הויז און שפּעטר האָט זי מיט אירע אייגענע הענט אַפילו פֿאַר מיר אַ קאָסטיום גענייט. איר אַרויסהעלפן אַ יונגן אַקטיאָר, געבן קוראַזש, איז געווען ממש צו באַווונדערן. זי פֿלעגט שטיין זייער אָפט הינטער די קוליסן און אַריינטראָגן מוט, אַרויסהעלפן מיט אַ פּראזע, סופלירן אויב מען האָט באַדאַרפט זאָגן אַ פֿאָר מוטיקע ווערטער און דערביי טאַקע לערנען אויף וויפל איר קענטעניש האָט דערלויבט. זייער פֿיל פֿון דער טעאַטער-משפּחה פֿון איצטיקן דור וועלן דערציילן און האָבן צו דערציילן עפּיזאָדן פון איר טעאַטער-קאַריערע פון אירע מוטיקע האַנדלונגען אין צייט פֿון אַ צרה, איר ליבע צו שוישפּילער און צום טעאַטער. אָט איז איין עפּיזאָד: מיר זיינען געווען אין אַ שטאָט אין וויטעבסקער גובערניע געקומען אַהין ווי אַ סך וואַנדערנדע טרופּעס אין יענע צייטן, אַן אַ באַשטימטער דערלויבעניש, ווייל דער נייער גובערנאַטאָר האָט שוין זיין גזרה לאַנג אַרויסגעגעבן ניט צו דערלויבן יידיש טעאַטער. דער פּאָליצמייסטער, ווי אַ סך באַאַמטע אין דעם אַלטן צאַרישן רוסלאַנד, האָט געטריבן פֿון זיך. ס'האָט ניט געהאָלפֿן דאָס בעטן פֿון אַבאַ קאָמפּאַנעעץ און פֿון אייניקע יידישע פאָרשטייער פֿון שטאָט. די טרופּע זיצט, הונגערט צו ביסלעך. אַבאַ קאָמפּאַנעעץ פרובירט פאָרן זוכן מזל ערגעץ אַנדערש, און זי, לאה, מיט דריי פּיצלעך קינדער, טרייסט אונדז, קאַכט פאַר אונדז עפּעס אויב ס'איז דאָ מיט וואָס. און איינמאָל אַ טאָג, ווען מיר זיינען אַלע געזעסן אין איר קליינעם חדרל, קומט אַריין לאה און שלעפּט פאַרן אַרבל דעם פאָליציי-שעף, אַ ברייט פלייצעדיקן גרויסן גוי, מיט אַ גרויסער רויטער באַרד, שלעפּט אים מיט די ווערטער: „אויב דו ביזט ווען עס איז געווען הונגעריק, קוק אויף די מענטשן דאָ. זעסט, אַקטיאָרן יידישע אַקטיאָרן, זעסט, ווי זיי זעען אויס. זיי זיינען אַלע קולטורעלע יונגע מענטשן, ווילן שפּילן טעאַטער, באַלעבאַטישע קינדער. וועסטו עס צולאָזן?"" מיר זיינען אַלע פֿאַרציטערט געוואָרן, געמיינט אָט אָט שיקט ער אונדז אַרויס פֿון שטאָט, און דאָס וואָלט געמיינט פאַר אַ סך פון אונדז מיטן עטאָפּ, איבער טורמעס, ווייל ביי אַ סך זיינען די פּאָספּאָרטן ניט געווען אין אָרדענונג. פלוצלינג זעען מיר ווי ביים באַאַמטן פֿילן זיך אָן די אויגן מיט טרערן, און ער גיט אַ ברום אַרויס: — ""דו ביזט אַ מוטיקע פרוי אויב דו האָסט געקאָנט מיך, אַן אַלטן אַנטיסעמיט, מאַכן וויינען, וועסטו ביי אונדז שפּילן טעאַטער. איך האב אין דר'ערד דעם גובערנאַטאָר. איר וועט שפּילן!"""			troupe	טרופּע פֿון אַברהם פישזאָן	טרופּע פֿון אַברהם פישזאָן		Employment_Performance	performer	שוין אַלס 14 יאָריק מיידל איז זי א'נ „טראָצקאַיאָ“ אַריינגעטראָטן אין דער טרופּע פֿון אַברהם פישזאָן, ווו זי איז גאָר גיך געוואָרן אַ פּרימאַדאָנע.	פּרימאַדאָנע											לאַזאַר פֿריד — לאה קאָמפּאַנעעץ, „טעאַטער“, פאַריז, נ'	עלטערן — סוחרים	modest				proper_name	medium	S2	proper_name + medium confidence			
	drive-download-20260308T052916Z-1-001.zip	volume6IIIorg.json	facs_260_tr_1747928893	באָיאַרסקאַ, רבקה	5354, -, 5350								Production_Distribution	published_by	אין סוף אין 1936 דערשענט אין זעלבן פֿאַרלאָג איר לידער-בוך		1936																ambiguous	low	S6	ambiguous + low, has context			
240	drive-download-20260308T052916Z-1-001.zip	volume6IIIorg.json	facs_417_tr_1747930464	קופּערמאַן, לעאָן (ישעיה-אַריה)	5668-5669	"געבוירן 24 יוני 1883 אין יאָס, רומעניע. זיידע — ר' מרדכי אַלטשולער, איינער פֿון די עלטסטע מוכר ספרימס און אַנטיק-זאַמלער אין רומעניע. פֿאָטער - אַ מוכר ספרים, פֿאַרלעגער און אַנטיקזאַמלער. אויפגעוואַקסן אין אַ פֿרומער חסידישער סביבה, געלערנט אין חדר ביז 15 יאָר, באַזוכט די דייטש-עוואָנגעלישע שול אין יאַס, דערנאָך געלערנט פּריוואָט ביי לערער רומעניש, דייטש און פֿראַנצויזיש. אין עלטער פֿון 17 יאָר גענומען שריבן לידער אין רומעניש און אייניקע פֿאַרעפנטלעכט, ווי אויך (א'פּ לעאָן דין יאָש) איבערזעצונגען פֿון פֿראַנצויזיש. דערנאָך אַרומגעפֿאָרן איבער רומעניע, גאַליציע, ווין, בודאָפּעשט, דייטשלאַנד, איטאַליע און פֿראַנקרעך. סוף 1903 געקומען אין אַמעריקע, באַקענט זיך מיט דער יידישער ליטעראַטור. נאָכן באַזוכן אייניקע שטעט, פֿאָרט ער צוריק אין 1905 קיין ווין, ווי דר. נתן בירנבוים פֿאַרעפנטלעכט אין דער בעלאַגע צו זיין ""יידישע וואָכענשריפט“ ק.'ס ערשטע לידער אין יידיש מיט לאַטיינישע אותיות. צוריקגעקומען אין ניו-יאָרק, באַשעפטיקט זיך ק. אַלס לערער פֿון דייטש און פֿראַנצויזיש, דרוקט לידער אין „פֿא'ש"" און אין אַנדערע פּעריאָיידישע שריפטן. ק. האָט מיטגעאַרבעט אין ניו-יאָרקער „טאָג"", פֿילאָדעלפֿיער „אידישע וועלט“, ווו ער האָט אויך געשריבן רעצענזיעס. 1918 — אַ געוויסע צייט געווען אין אַן אַמעריקאַנער מיליטערישן לאַגער אַלס פֿאַרשטייער פֿון אַ יידישער געזעלשאַפט, דערנאָך פֿאַרוואַלטער פֿון דער פֿילאָדעלפֿיער ""היבריו ליטעראַטור סאָסייעטי"". האָלט לעקציעס וועגן ליטעראַטור און יידישע געשיכטע, אַראַנזשירט די ערשטע אויסשטעלונג פֿון יידישע קינסטלער אין אַמעריקע. זינט סוף 1919 אין יאָס, ווו ער באַטייליקט זיך אין דע רומעניש-יידישער פּעריאָדיקע, מיטגרינדער און פּרעזידענט פֿון יידישן קולטור-פֿאַריין „המטיב"" און טרעט אויף מיט רעפעראָטן אין פֿאַרשיידענע שטעט אין רומעניע. אין 1910 איז דערשיינען אין ניו-יאָרק זיין דראַמע „אַזראַעל"". אין 1913 איז דורך יעקב פּ. אַדלער אויפֿגעפֿירט געוואָרן ק.'ס און וויליאָם עדלינס פּיעסע „דער ייד“, וועגן וועלכער ב. גאָרין גיט אָן, אַז זי איז אַדאָפּטירט פֿון אַנדי בערנשטיינס אַ פּיעסע. וועגן דער פּיעסע שרייבט ש. יאַנאָווסקי: „מיר האָבן געזען ...דעם ""ייד"" אין אַדלערס „דיואי טעאַטער“, און מיר וואָלטן גערן פֿאַרזען פֿיל חסרונות אין דיזער פּיעסע ווען מיר וואָלטן באַמערקט אירגענד וועלכע פֿאַרשפּרעכונג פֿאַר דער צוקונפט. אָבער, ליידער, איז עס ניט דער פֿאַל. מיר ווינדערן זיך נאָר וואַרום [פאַרוואָס] האָבן דיזע צוויי יונגעלייט גאָר גענומען זיך צו פאַרפּאַסן אַ דראַמע. די פּיעסע „דער ייד"" איז אַ מוסר-פּיעסע, אַ פּיעסע פול מיט אַגיטאַציע. זי איז אַ מעלאָדראַמע ... [די פֿאַרפאַסער קענען ניט די מענטשן וועלכע זיי שילדערן] און דערפֿאַר קומען זיי אַרויס בלויז שאָטנס פֿון מענטשן. דער מוסר-השכל פֿון דעם איז פאַר יונגע פאַרפּאַסערס קיינמאָל ניט צו שרייבן אַ דראַמע, אַ געשיכטע פֿון מענטשן פֿון [וועלכע] מען האָט נאָר געהערט אַפֿשר, אָבער קיינמאָל ניט ...געווען באַקענט מיט זיי, צו פאַרשטיין אַ ביסעלע פֿון דעם, וואָס קומט פאַר אין זייערע נשמות. אָן דעם קאָן מען ניט שרייבן קיין דראַמע..."". י. סלאָנים שרייבט וועגן דער פּיעסע און דאָס שפּילן: ""'דער ייד', וועלכער איז די פֿרוכט פון די צוזאַמענגעלייגטע מוחות פֿון וויליאָם עדלין און ליאָן קופּערמאַן איז ווייט, ווייט פון אַ קונסט-ווערק. מיר ווילן דאָ גלייך אין אָנהייב ערקלערן, אַז די פּיעסע איז אַפֿילו ווייט פון ליטעראַטור... קונסט-ווערק ווערן זעלטן געשאַפן... „דער ייד"" איז אַ בינען-מעסיקע ווערק ...די פּראָבלעם, וואָס איז אין דער פּיעסע אויסגעוואָרפן געוואָרן, כאָטש ניט קיין נייע, איז דאָך אַן אינטערעסאַנטע און אַ צייט-פֿראַגע. די טעכניק איז טיילווייז זייער אַ גוטע... אַן אינטעליגענטער צושויער קאָן אויסזיצן די פּיעסע ... קאָן אָנגענעם פֿאַרברענגען דעם אָוונט ...""דער ייד"" איז אַ גלאָטע פּיעסע מיט עטלעכע שטאַרקע, אָבער דאָך ניט ווילגאַרע סצענען, מיט כמעט שטענדיקער באַוועגונג אויף דער בינע. ...וואָס אָנבעלאַנגט דאָס שפּילן פֿון די אַקטיאָרן האָבן מיר קיין סך קאָמפּלימענטן זיי ניט צו מאַכן. אַ פֿאָר פון זיי זיינען פּשוט געווען אומעגלעך צו דולדן. מר. שיינגאָלד, וועלכער האָט געשפּילט די ראָלע פֿון דעם פּראָפעסאָר, האָט ניט אָנגעהויבן קענען זיין ראָלע און האָט ניט געוווסט ווי צו ריידן און ווו זיך אַ קער צו טאָן. כמעט אַלע אַקטיאָרן זיינען נאָך ניט געווען איינגעשפּילט אין זייערע ראָלן. אַפֿילו אַדלער אַליין איז אויך ניט געווען דאָס וואָס ער האָט געדאַרפט זיין ...כאָטש אין אייניקע סצענעס האָט ער זיך אַ הייב געטאָן צו דעם פֿייער פֿון ""גרויסן אָדלער"" גאַנץ גוט, נאָר אַ ביסל אָנגעצויגן, האָט געשפּילט פרענציס אַדלער. מר. קאָנראַד, מרס. ווילענסקי האָבן אויך געשפּילט ניט שלעכט. מרס. נאַטאַנסאָן אַלס מרס. בראַון, מר. שאַכט אַלס דער פּאָעט האָבן פרובירט טאָן זייער בעסטעס. שאַכט איז צייטווייז געווען ווירקלעך גוט"". אין 1911 האָט ק. איבערזעצט געטעס „פאוסט"", וואָס איז ביי אים באַשטעלט געוואָרן פֿון פֿאַרלעגער עוואָלענקאָ, אָבער נאָכדעם ווי עוואָלענקאָ איז דורך בורצעוון דעמאַסקירט געוואָרן אַלס פֿאַרדעכטיקער אין האָבן באַציונגען מיט דער צאַרישער מאַכט, איז די איבערזעצונג [אַן אַנדערע איבערזעצונג, אָבער נאָר פֿון ערשטן טייל, פֿון עזראַ פֿינינבערג, איז אַרויס אין מאָסקווע אין 1937) פֿון דייטשן אָריגינאַל, מיט קאָמענטאָרן פֿון די גרעסטע געטאָ-פֿאַרשער, מיט אַ הקדמה פֿון איבערזעצער, אַ קורצע ביאָגראַפֿישע סקיצע פֿון געטע מיט אַן איינלייטונג און באַמערקונגען, דערשיינען ערשט אין 1920 אין „מאָלערמאַנס ליטעראַרישע פּאָבלישינג קאָמפּאָני"", פֿילאַדעלפיע ניו-יאָרק. זלמן רייזען באַמערקט: „ליידער איז די דאָזיקע איבערזעצונג פֿון דעם גרעסטן ווערק פֿון דער וועלט-ליטעראַטור אַבסאָלוט ניט קיין באַפּרידיקנדיקע"". צוריקגעקערט זיך אין אַמעריקע, איז ק. דעם 29 מערץ 1942 געשטאָרבן אין ניו-יאָרק. ק.'ס געדרוקטע פּיעסן: [1] אַזראַעל אַ טראַגעדי פֿון לעאָן קופּערמאַן [3 אַקטן מיט אַ פּראָלאָג] ניו-יאָרק (1910, 54 זז.] [2]  פאוסט אַ טראַגעדיע אין צוויי טייל פֿון י. וו. פֿאַן געטהע איבערזעצט פֿון דייטשען אָריגינאַל, מיט קאָמענטאַרען פֿון די גרעסטע געטהע-פֿאָרשער, פֿון ל. קופּערמאַן. מאַלעמאַרן'ס ליטעראַרישע פּאָבלישינג קאָמפּאָני (ערשטער טייל, 1920, 298 זז. צווייטער טייל, 460 זז.)."	ש. ע. פֿון יעקב טיקמאַן.	[געב. 24 יוני 1883 — געשט. 29 מערץ 1942]	school	דייטש-עוואָנגעלישע שול	דייטש-עוואָנגעלישע שול		Education_Formation	student	באַזוכט די דייטש-עוואָנגעלישע שול אין יאַס	תּלמיד			יאַס	דייטש-עוואָנגעלישע שול							זלמן רייזען - „לעקסיקאן פון יידישער ליטעראַטור“, ווילנע, 1929, דרייטער באַנד, זז. 611-614	אויפגעוואַקסן אין אַ פֿרומער חסידישער סביבה	modest	religious			proper_name	high	S1	proper_name + high confidence			
	drive-download-20260308T052916Z-1-001.zip	volume6IIIorg.json	facs_466_tr_1747930136	בלאָק[ך] יעטע	5765-5766				publisher	אַלוועלטלעכן יידישן קולטור קאָנגרעס	אַלוועלטלעכן יידישן קולטור-קאָנגרעס		Production_Distribution	published_by	אַרויסגעגעבן דורכן אַלוועלטלעכן יידישן קולטור קאָנגרעס, ניו יאָרק, 1968	פֿאַרלעגער	1968		ניו יאָרק														proper_name	medium	S2	proper_name + medium confidence			
	drive-download-20260308T052916Z-1-001.zip	volume6IIIorg.json	facs_564_r_27	אָגורסקי, סעם (שמואל)	5962-5962				government	יידישע באָלשעוויסטישע קאָמיסאַריאָטן	יידישע באָלשעוויסטישע קאָמיסאַריאָטן		Leadership_Ownership	founder	זיך דאָרט באַטייליקט אין אָרגאַניזירן די יידישע באָלשעוויסטישע קאָמיסאַריאָטן אין דער פּראָווינץ	אָרגאַניזירן	1917		פּעטראָגראַד														proper_name	medium	S2	proper_name + medium confidence			
	drive-download-20260308T052916Z-1-001.zip	volume6IIIorg.json	facs_566_tr_1752130132	פֿורמאַן, אַברהם	3982-6037																						"אב. קאַהאַן — שלום אַש'ס „דער יחוס"" אין נייעם טעאַטער, „פאָרוו."", נ. י., 15 פעב. 1921"						ambiguous	low	S7	ambiguous + low, nearly empty			
289	drive-download-20260308T052916Z-1-001.zip	volume6IIIorg.json	facs_643_tr_1747930524	פֿריידעלע [אוישער]	6119-6120	"געבוירן אין ליפקאַן, בעסאַראָביע. פֿאָטער — אַ חזן. אין עלטער פֿון 7 יאָר געקומען אין מאָנטרעאַל, קאַנאַדע. געלערנט אין אַ שול. נאָך אַלס קינד אַריבערגעטראָגן זיך מיט דער משפּחה קיין פילאַדעלפיע, פֿאַרייניקטע שטאָטן, ווו זי האָט ימים נוראים געזונגען אין כאָר ביי איר פֿאָטער, און אַ ביסל שפּעטער דעבוטירט מיט 2 לידער אין סיגעלס אַן אָפּערעטע אין „אַרטש סטריט""-טעאַטער. ערשט ווען באָריס טאָמאַשעווסקי פֿירט אויף אין סאַול דיקשטיינס טרופּע אין „גיבסאָן""-טעאַטער זעין אָפּערעטע ""בר מצוה"", דעביוטירט פ. אין אַ ראָל. אין דער שלום-עליכם-שול, ווו די האָט געלערנ, און ווו מיכל געלבאַרט איז געווען מוזיק-לערער, האָט זי געהאַט געלעגנהייטן זיך צו באַטייליקן אין די שול-קאָנצערטן. אַריבערטראָגנדיק זיך קיין ניו-יאָרק, האָט זי אָנגעהויבן אויפטרעטן אויף ראַדיאָ און אויף קאָנצערטן און איז אַריינגעטראָטן אין דער טרופּע פֿון לואיס קרעמער אין „אַמפיאָן“ טעאַטער, ווו זי שפּילט עטלעכע חדשים. פֿאַרבונדן ענג מיט טעאַטער-פֿאַרשטעלונגען איז זי פֿאַקטיש געוואָרן ערשט נאָך דער חתונה מיט האַראָלד שטערנבערג, ווען ל. פֿריימאַן שרייבט אָן פֿאַר איר די אָפּערעטע „פֿריידעלעס חתונה"", מאָריס נעסטאָר „דאָס כעלעמער חזנדל“, יעקב בערגרין „נעבעך אַ יתומהלע“, נעסטאָר „דעם חזנס טאָכטער' און אַברהם בלום ""גאָלדן מיידעלע“ (וואָס ווערט שפּעטער גערופֿן „אַ חזן אויף שבת"" און „אַ חזן אויף יום טוב""). פ. ווערט אָנגאַזשירט אין 1936 קיין אָרגענטינע, ווו זי טרעט אויף אויסער אין איר רעפּערטואָר אויך אַלס ""יצחקל' אין גאָלדפֿאַדנס ""עקדת יצחק"" און טאָמאַשעווסקיס ""בר מצוה"". צוריקגעקומען אין אַמעריקע שפּילט זי דעם זעלבן רעפּערטואַר און אויך מאלי פיקאָנס רעפּערטואַר אין שיקאַגער „דאָגלעס""-טעאַטער, אין ניו-אָרקער „נעשאָנאַל""-טעאַטער און איבער דער פּראָווינץ. פ. גאַסטראָלירט אויך צוויי מאָל אין קובאַ און אייניקע וואָכן אין לאָס אַנדזשעלעס אין „אַ חזנדל אויף שבת"". ש. ראָזשאַנסקי שרייבט: „פריידעלע און אהרן שטערנבערג זיינען נאָך גאָר יונגע שוישפּילער. יונגע לויט די יאָרן און יונגע לויט דער אַקטיאָרישקייט. זיי זיינען באַשטימט די יונגסטע גאַסט-שפּילער וועלכע די יידישע טעאַטערס אין אַרגענטינע האָבן ווען ס'ניט איז געהאַט. זיי זיינען אָבּער אין דער בינע-אַרבעט אַנדערש פֿון אונדזערע יונגינקע שוישפּילער וועלכע ...באַשטעטיקן דאָס ווערטל ""יונג און ווילד“, ""שפּרינגט ווי אַ ווילדע ציג"" [מיט פריידעלען און שטערנבערג] איז די מעשה אַ פֿאַרקערטע. אָנשטאָט איבערזאַלצן — דערזאָלצן זיי ניט. זיי האַלטן דיסטאַנץ. אָנשטאָט אַריבעריאָגן — דעריאָגן זיי ניט, איידער מען זאָל זיי בלייבן שולדיק, בלייבן זיי בעסער שולדיק. ...ווייניק יידישע פּיעסן האָבן אַזעלכע פֿיינע, ציכטיקע און לירישע מוזיקאַלישע נומערן ווי די קאָמעדיע ""פֿריידעלעס חתונה"", און אין זינגען איז טאַקע פאַראַן דאָס בעסטע פֿון פֿריידעלע און א. שטערנבערג. פֿריידעלע זעט אויס אויף דער בינע ווי אַ מיידעלע, וואָס דערשפּירט די ערשטע געפֿילן פֿון רייף ווערן. זי באַרירט עטלעכע פֿון די סוברעטינס און עטוואָס פֿון אַ פרימאַדאָנע. אָבער פֿאַר ביידע זאָגט זי אָפּ קאָרעקט איר רעפּליק, קאָרעקט, אַן אַקטיאָרישע מאָניערן, אָן פרוון איינצונעמען די בינע און דעם עולם. דאָס אַלץ כדי צוצוקומען צום זינגען, איבערהויפּט צו חזניש, וואָס זי האָט פון דעם אָנגעזונגען אָן אַ שיעור. און געזונגען ווי אַן אַמתע חזנטע אָדער ווי אַ חזן, פּונקט ווי זי וואָלט ביים עמוד געשטאַנען. די „מיטרע""-עמפרעסע האָט אָבער רעקלאַמירט פריידעלען אַלס די ""יידישע לילי פּאָנס"" ...איבערגעטריבענע רעקלאַמע איז אַ שטעקן מיט צוויי עקן"". ט. ביילין [דר. ל. זשיטניצקי] שריhבט: ""פריידעלע, אַזוי הייסט דאָס מיידעלע, ס'איז דאָ נאָר איינע, אַ קליינע, אַ מיידל אַ שיינע, פֿריידעלע, אַזוי הייסט דאָס מיידעלע, זי איז אַ פּיצל, אַ ברעקעלע, צאַרט ווי אַ שטעקעלע, פריידעלע"". אַזוי זינגט אין דער אָפּערעט ה. שטערנבערג און דאָס איז אייגנטלעך די כאַראַקטעריסטיק פֿון דער גאַסטראָלערין פריידעלע, וואָס האָט צו שפּילן זיך אַליין, אַן אייגענע פֿאַר זיך חתונה אין דער אָפּערעטע מיטן זעלבן נאָמען ...פריידעלע די גאַסטראָלערין גיט און ווייזט וואָס זי פֿאַרמאָגט — חן, פרויישע שיינקייט, יונג-נאָיוון שמייכל, אַ גראַציעזע פיגור און אַ פֿיינעם קאָנטר-אַלטאָ מיט וועלכן זי זינגט אויס סיי חזנות, טיי אַן ענגליש לידל, וואָס איז אָגב ביי איר מער באַטעמט ווי דאָס חזנישע. דער עולם, נאַטירלעך, איז צופרידענער פונם חזנישן, וויל ס'איז אים נענטער און פֿאַרשטענדלעכער, אָבער איר מוזיקאַלישקייט, געזאַנגס-טעמפּעראָמענט און סענטימענטאָליטעט מערקט מען גראָד אינם ענגלישן „סאָנג [ליד] ...די אָפּערעטע האָט אַ מעלה, וואָס זי האָט ניט קיין גרויסן פּערסאָנאַל, און אַלע ראָלן זיינען פאַרטיילט אָרנטלעך. אַלע שפּילן גלייד. ס'איז אַן אַנסאַמבל-אָפּערעטע, אָבער דער קאָנצענטרירטער פּונקט איז דאָס פאַרלייבטע פאָרל, געשפּילט פֿון פֿריידעלע און ה. שטערנבערג. די ראָלן זיינען ניט איבריק גרויס, אָבער מיט שטעלן, אַז די גאַסטראָלערן זאָלן זיך קאָנען ווייזן אין זייערע אייגנשאַפטן. (פּונקט ווי שטערנבערג האָט געשפּילט אָן בינע עפעקט] ...אינם זעלבן שטייגער האָט זיך אויך געהאַלטן פֿריידעלע. מ'באַקומט דעם איינדרוק, אַז ...ס'איז ניט קיין בינע. ...נאָר וויי מ'טרעפט זיך צונויף אין טאָג-טעגלעכן לעבן מיט אַ מיניאַטור-גראַציעזער פרוי, וואָס רופט אויף זיך די אויפֿמערקזאַמקייט מיט איר חנודיקן שמייכל און צאַרטער שיינקייט..."" ש. זאַמד שרייבט: „פריידעלע אוישער, וועלכע האָט אין דער ""פריילעכער אַלמנה"" געשפּילט די צענטראַלע פיגור, האָט דאָ ניט קיין הויפּט-ראָלע. זי שפּילט די ראָלע פֿון אַ יידישער טאַכטער מיט אַ פֿאַרלייבטער נשמה, וואָס קאָן גוט שפּילן אַ ליבע און זינגען אַ לידל. זי זינגט דאָ עטלעכע לידלעך (די ""התקוה"" איינגעשלאָסן) און אויך אַ פֿאָר חזנישע תפילות פֿון וועלכע „כל נדרי"" איז אַרויסגעקומען אמת גוט ווי פֿון אַ וועלט-באַרימטן חזן. זי שפּילט אויך אין אַ פאָר סצענעס אַלס אַ פאַרשטעלט בחורל און איז אין דעם אויך שטאַרק בחנט"". סעזאָן 1968-1899 האָט זי געשפּילט אין ניו -אָרקער ""אַנדערסאָן""-טעאַטער. פ. טרעט אויף זייער אָפֿט אויף קאָנצערטן און אויף ראַדיאָ, ספּעציעל אין חזנות. פ.'ס ברודער איז געווען דער באַרימטער חזן און שוישפּילער משה אוישער. פֿ.'ס טאָכטער, מערעלין מייקלס, איז אַ סטאַר אויף דער ענגלישער בינע. צוזאַמען מיט איר טאָכטער האָט פץ אַרויסגעלאָזט אַ רעקאָרד מיט יידישע טעאַטער-לידער און חזנות. פֿ.'ס זון, מייקל, איז אַ גיטאָריסט."	מ. ע.		choir	כאָר ביי איר פֿאָטער	כאָר ביי איר פֿאָטער	כאָר ביי איר פֿאָטער	Employment_Performance	performer	געזונגען אין כאָר ביי איר פֿאָטער	כאָר			פילאַדעלפיע		פֿאַרייניקטע שטאָטן						"ש. ראַזשאַנסקי — דער דעבוט פֿון פֿריידעלע און א. שטערנבערג „ד'א'צ"", ב'א, 10 אַפּריל 1936."	פֿאָטער — אַ חזן	modest	religious	connected		descriptive_term	medium	S3	descriptive_term + medium, with title (exhaustive)			
	drive-download-20260308T052916Z-1-001.zip	volume6IIIorg.json	facs_649_tr_1747930511	קובאַנסקי, אייב	6132-6132				theatre	יידיש קונסט-טעאָטער	יידיש קונסט טעאַטער	"מאָריס שוואַרצס ""יידיש קונסט-טעאָטער"""	Employment_Performance	performer	"אַריינגעטראָטן אין מאָריס שוואַרצס ""יידיש קונסט-טעאָטער"", ווו ער צייכנט זיך אויס אין שפּילן אַ ריי כאַראַקטער-ראָלן"	אַקטיאָר	1923	1929	פֿילאָדעלפיע	פילאַדעלפיע				1929	1929								proper_name	medium	S2	proper_name + medium confidence			
17	drive-download-20260308T052916Z-1-001.zip	Volume5IIIorg.json	facs_56_r_1	וויינבערג, סאָניע [קאַרל]	3780-3780	געבוירן 3 מערץ 1888 אין אָדעס, אוקראַינע. געענדיקט אַ 4-קלאַסיקע רעגירונגס-שול און געלערנט אין אַ פּראָגימנאַזיע. נאָך אין שול אָנגעהויבן בילדן איר שטים און אין 1905 אַריינגעטראָטן אין דער טרופּע פֿון מייערסאָן, דערנאָך האָט וו. געשפּילט, אַלס פּרימאַדאָנע, ביי קאָמ- פאַנעעץ, שפּעטער אַ יאָר ביי סאָבסיי, אייניקע יאָר ביי גענפער, 3 חדשים ביי קאַמינסקי און קאָמפּאַנעעץ, ווידער אַ יאָר ביי סאַבסיי, געפֿירט אַ דירעקציע צוזאַמען מיט שוואַרצבאַרד, געשפּילט צו סעזאַנען ביי גענפֿער און ביי פֿישזאָן, דערנאָך 2 יאָר ביי ליפּאָווסקי, 3 חדשים ביי זאַנדבערג אין לאָדזש, אַ סעזאָן ביי יוליוס אַדלער און ה. סיעראָצקי אין לאָדזש און דערנאָך אין וואַרשעווער 'צענטראַל'-טעאָטער ביי צעלמייסטער. וו. איז געווען די פרוי פון דיריגענט און קאָמפאָׁזיטאָׁר שמואל וויינבערג. נאָך איר גט האָט זיי זיך צוריקגעצויגן פֿון דער בינע און פֿלעגט אַרויסטרעטן נאָר אין געוויסע פֿאַלן. יאָנאַס טורקאָוו גיט איבער, אַז זי האָט זיך געפונען אין דער לאָדזשער געטאָ, וואו זי איז אומגעבראַכט געוואָרן דורך די נאַציס.	מ. ע. פון יאָנאַס טורקאָוו.	[געב. 3 מערץ 1888 — אומגעבראַכט געוואָרן דורך די נאַציס]	school	4-קלאַסיקע רעגירונגס-שול	4-קלאַסיקע רעגירונגס-שול	רעגירונגס-שול	Education_Formation	graduate	געענדיקט אַ 4-קלאַסיקע רעגירונגס-שול												"""לעקסיקאן פון יידישן טעאַטער“, ניו יאָרק, 1931, ערשטער באַנד, ז. 683."						proper_name	medium	S9	random cross-check			
	drive-download-20260308T052916Z-1-001.zip	Volume5IIIorg.json	facs_97_tr_1733059490	קאַץ, זישע	3862-3866				troupe	טרופּע פון אסתר רחל קאַמינסקאַ	טרופּע פון אסתר רחל קאַמינסקאַ		Employment_Performance	performer	אַריינגעטראָטן אַלס בוף-קאָמיקער אין דער טרופּע פון אסתר רחל קאַמינסקאַ	בוף-קאָמיקער	1915		וואַרשע								ב. קוטשער — „געווען אַמאָל וואַרשע, פאַריז, 1953, זז. 57, 282, 283.						proper_name	medium	S9	random cross-check			
	drive-download-20260308T052916Z-1-001.zip	Volume5IIIorg.json	facs_112_tr_1733832831	נייהוייז, וואָלף	3892-3895				troupe	טרופּע פֿון קאַמינסקי	טרופּע פֿון קאַמינסקי		Employment_Performance	artistic_staff	פּראָפעסיאנעלער סופֿלער אין די טרופּעס פֿון ... קאַמינסקי	פּראָפעסיאנעלער סופֿלער											יאָנאַס טורקאָוו — „פאַרלאָשענע שטערן“, בוענאָס איירעס, 1953, באַנד איינס, זז. 284, באַנד צוויי, זז. 142-147.	געלערנט אין חדר, דערנאָך אין ישיבה		religious			proper_name	high	S1	proper_name + high confidence			
	drive-download-20260308T052916Z-1-001.zip	Volume5IIIorg.json	facs_165_tr_1735652613	אַזאַרך, יצחק	3998-4000				newspaper	גראָדנער מאָמענט	"""גראָדנער מאָמענט"""	יידישער צייטונג	Employment_Performance	employee	ער האָט דאָרט געאַרבעט צוזאַמען מיטן רעדאַקטאָר פון דער גראָדנער יידישער צייטונג 'גראָדנער מאָמענט'	אימפרעסאַריאָ			גראָדנע														proper_name	medium	S2	proper_name + medium confidence			
	drive-download-20260308T052916Z-1-001.zip	Volume5IIIorg.json	facs_175_tr_1736588953	בורשטיין, מינאַ [האַלפּערן]	4018-4018				troupe			איר מאַנס טרופּעס	Employment_Performance	performer	שפּעטער אין איר מאַנס טרופּעס																		descriptive_term	high	S4	descriptive_term + high, no title			
	drive-download-20260308T052916Z-1-001.zip	Volume5IIIorg.json	facs_176_tr_1736589046	דורמאַשקין, וואָלף	4020-4091				school			עטלעכע יידישע שולן און גימנאַזיעס	Employment_Performance	employee	ער לערנט אין עטלעכע יידישע שולן און גימנאַזיעס טעאָריע פֿון מוזיק	לערער			ווילנע														descriptive_term	high	S4	descriptive_term + high, no title			
105	drive-download-20260308T052916Z-1-001.zip	Volume5IIIorg.json	facs_177_tr_1736589074	וויידע, משה	4021-4022	"פּועלי ציוניסטישער געבוירן 1892 אין וואַרשע, פּוילן. מ. פּערענסאָן איינפֿאַרמירט: „אין די וואַרשעווער טעאַטער-קרייזן האָט מען אים גערופֿן דער 'פּראָפעסיאָנעלער אַמאַטאָר'. אַ גאַנץ לעבן זיך אָפּגעגעבן ביים אַרגאַניזירן און רעזשיסירן אין דראַמאַטישע קרייזן, הויפּטזאַכלעך אין די, וועלכע האָבן זיך געפונען אונטער דער השפּעה פון די לינקע פּועלי-ציון. אַזוי האָט ער יאָרן-לאַנג אָנגעפירט און רעזשיסירט מיט אַרבעטער-גרופן אין דער 'אַרבעטער-היים' אין וואַרשע (קאַרמעליצ קע 23). אויך האָט ער אַ געוויסע צייט אָנגעפירט מיט אַ דראָמאַטישן קרייז ביים לינקן פּועלי ציוניסטישן ספּאָרט-קלוב שטערן'. ער האָט אויך פֿון צייט צו צייט מיטגעשפּילט אין אָט די קרייזן, אָבער באַוואוסט איז ער קודם כל געווען ווי אַ רעזשיסער. אין דער 'באָראָכאָוו-היים' אויף קאַרמעליקע איז לאַנגע יאָרן געשפּילט געוואָרן יידיש טעאַטער אין די שבת-אָוונטן. מ. וויידע האָט דאָרט אויפגעפירט פּיעסן פֿון בעסערן יידישן רעפּערטואָר אַ טייל איז ווערט צו דערמאָנען דאָרפסיונג, דער שטומער, דעם שמידס טעכטער, גרינע פעלדער, יענקל דער שמיד, 200.000, די שחיטה, גאָט, מענטש און טייוול, אַזע פֿון ב. ניקאָלאַיעווסקי, אַ שנירל פּערל, דער טויבער, אין קוילן-שאַכט פֿון ח. ראָזענשטיין. אין 1925 איז ער געווען זייער אַקטיוו ביים אַרגאַניזירן דעם פאַרבאַנד פון די יידישע דראַמאַטישע קרייזן אין פּוילן, וועמנס אַרגאַניזאַטאָרן עס זיינען אויך געווען מ. ווייכערט, דוד הערמאַן, ה. גליקשטאָק און מ. פּערענסאָן"". דר. מ. ווייכערט שרייבט: „די פּועלי-ציוניסטישע יידישע בינע' האָט געהאַט אין וואַרשע צוויי (דראַמאַטישע קרייזן, איינעם פֿאַר דערוואַקסענע און דעם צווייטן אַ יוגנטלעכן. אָנגעפירט מיט ביידע האָט משה וויידע. ער איז געווען איבערגעגעבן זיין אַרבעט בלב ונפט און פלעגט אַחוץ דעם צופאָרן אויף דער פּראָווינץ כדי צו אַרגאַנייזירן קרייזן אָדער רעזשיסירן פאַרשטעלונגען. יאָנאַס טורקאָוו אין זיין בוך „פֿאַרלאָשענע שטערן“ כאַראַקטעריזירט אים אַזוי: ""עס זיינען געווען אין פּוילן מענטשן, וואָס הגם זיי זיינען נישט געווען קיין פּראָפעסיאנעלע טעאַטער-מענטשן, האָבן זיי נישט ווייניקער מיטגעהאָלפֿן צו שטאַרקן און פּראָפּאַגאַנדירן דאָס בעסערע יידישע טעאַטער. איינער פֿון די דאָזיקע עקשנים איז געווען אַ וואַרשעווער יינגערמאַן, אַן אָנגעזעענער טוער ביי די האַנדלס-אָנגעשטעלטע און מיטגליד פֿון דער פּועלי ציוןפאַרטיי, משה וויידע. ער האָט אין די צוואַנציקער יאָרן געגרינדעט אין וואַרשע אַ דראַמאַטישן קרייז, וואו ער האָט אויפגעפירט אַן אינטערעסאַנטן און ערנסטן רעפּערטואָר. וויידע האָט די פּיעסן אַליין רעזשיסירט, אַליין איינגעאָרדנט די פאַרשטעלונגען און איז אַליין אַרויסגעפאָרן אויף דער פּראָווינץ צו דינגען טעאַטער-זאַלן און אויך דאָרט איינצוואָרדענען די פאַרשטעלונגען. ער האָט זיך נישט באַגנוגנט מיטן שפּילן בלויז אין וואַרשע, נייערט אויך זיין קרייז אַראָפּגעבראַכט אין די שטעט און שטעטלעך אַרום וואַרשע. דער רעפּערטואָר פון וויידעם דראַמ'-קרייז איז באַשטאַנען פֿון פּיעסן, וואָס זיינען לרוב געשפּילט געוואָרן אין די ערנסטערע טעאַטערס אין וואַרשע. בלי שום ספק איז די דאָזיקע טעאַטער-אַרבעט געווען אַ פֿאָזייטיווע, און הגם פּראָפעסיאנעלע וואַנדער-טרופּעס האָבן געהאַלטן, אַז די וויידעם' נעמען צו דאָס ברויט ביי זיי און געקוקט אויף די דראַמ-קרייזן ווי אויף אַן אָנשיקעניש, מוז מען אָבּער צוגעבן, אַז די אויפגאָבן, וואָס עס) האָבן זיך געשטעלט די פיל-פאַרצווייגטע טעאַטער-סטודיעס און דראַמאַטישע קרייזן אין פּוילן, זיינען געווען ביז גאָר וואָגיקע. זיי האָבן אַ סך בייגעטראָגן צו דער אַנטוויקלונג פונם בעסערן יידישן טעאַטער אין פּוילן. אין וואַרשע אַליין זיינען געווען צענדליקער דראַמאַטישע קרייזן, פֿון וועלכע דעם אויבן-אָן האָבן פֿאַרנומען, אויסער משה וויידעם קרייז ביי דער געזעלשאַפט 'אַרבעטער אָוונט-קורסן' [און דאַ רעכנט טורקאָוו אויס אַ ריי אועלכע קרייזן איבער פּוילן) ... עס פעלן אונדז היינט די פאַרמלחמהדיקע אידעאַליסטן און עקשנים ווי די משה וויידעס, וואָס האָבן געשאַפן אַטמאָספער און אַ סביבה פאַרן יידישן טעאַטער. דאָס פּראָפעסיאָנעלע יידישע טעאַטער אין מזרח-אייראָפּע (פאַר דער לעצטער מלחמה) האָט זיך אויך באַנוצט מיט די דראַמ'-קרייזן צו אירע אויפֿפֿירונגען און אין דער באַטייליקונג פון די מאַסןסצענעס. און מיט וואָס פאַר אַן איבערגעבנקייט און אַחריות האָבן זיך די אָרגאַניזירטע גרופּעס באַצויגן צו זייערע אויפגאַבעס ! משה וויידע איז, אַ דאַנק זיין נוצלעכער אַרבעט, געוואָרן זייער פּאָפּולער אין פּוילן. זיין פּאָפּולאַרייטעט איז דערגאַנגען אַזוי ווייט, אַז ווען די אָנהענגער פון לייכטערן זשאַנד אין יידישן טעאַטער האָבן געוואָלט חוזק מאַכן פֿון אַ יידישן אַקטיאָר, וואָס שפּילט אויסשליסלעך אין ערנסטן רעפּערטואָר, האָבן זיי אים אָנגערופן 'וויידע'... אין די פֿריערדיקע יאָרן האָט מען אַזאַ איינעם באַצייכנט מיטן נאָמען 'אינטעליגענט' אָדער 'ליטעראַרישער אַקטיאָר'... משה וויידען האָט עס אָבער קיין אומכבוד זיכער נישט פאַרשאַפט"". און וועגן זיין טראַגישן סוף שרייבט יאָנאַס טורקאָוו: „ווען די מלחמה איז אויסגעבראַכן, האָט משה וויידע פֿאַרלאָזט וואַרשע און זיך געלאָזט צו מזרח. ער איז אָבער באַלד צוריקגעקומען און איז געוואָרן זייער אַקטיוו אין דער 'אַליינהילף', אַלס אָנפֿירער פון אַ פאָלקס-קיך. ער איז אויך געווען שטאַרק טעטיק אין דער אונטערערדישער באַוועגונג אין וואַרשעווער געטאָ. ווען איך האָב אים איינמאָל געפרעגט פאַרוואָס ער אָרגאַניזירט נישט קיין 'דראַמ'-קרייז אין געטאָ, האָט ער מיר געענטפערט: 'איצט איז אַ צייט צו אָרגאַניזירן אַנדערע 'קרייזן' קרייזן, וואָס זאָלן קעמפן מיט די דייטשן'. אויך אין דער דאָזיקער אַרבעט איז ער געווען זייער אַקטיוו. משה וויידע איז געווען באַקאַנט פון דעם, אַז אַלע אויפגאַבן, וואָס מען האָט אים אָנפֿאַרטרויט, האָט ער דערפילט בשלמות. ליידער האָט ער שוין נישט דערלעבט צו זען די פֿרוכטן פֿון זיינע לעצטע צוגרייטונגען צום אויפשטאַנד אין וואַרשווער געטאָ. בעת איינער פֿון די געטאָ-אַקציעס איז דער שטילער, באַשיידענער און צילבאַוואוסטער משה וויידע אומגעבראַכט געוואָרן דורך די דייטשישע רוצחים""."	ש. ע. פון מ. פּערענסאַן.	[געב. 1895 — אומגעבראַכט געוואָרן דורך די נאַציס]	theatre	וואַרשעווער טעאַטער-קרייזן	וואַרשעווער טעאַטער-קרייזן	וואַרשעווער טעאַטער-קרייזן	Employment_Performance	performer	אין די וואַרשעווער טעאַטער-קרייזן האָט מען אים גערופֿן דער 'פּראָפעסיאָנעלער אַמאַטאָר'	פּראָפעסיאָנעלער אַמאַטאָר											יאָנאַס טורקאָוו — „פאַרלאָשענע שטערן“, בוענאָס איירעס, 1953, באַנד צוויי, זז. 89-92.						descriptive_term	medium	S3	descriptive_term + medium, with title (exhaustive)			
	drive-download-20260308T052916Z-1-001.zip	Volume5IIIorg.json	facs_198_tr_1736588952	סאָראָקיין פרויקע	4063-4063								Employment_Performance	performer	באַקומט צו שפּילן עפּיזאָדן-ראָלן	עפּיזאָדן-ראָלן																	ambiguous	low	S6	ambiguous + low, has context			
	drive-download-20260308T052916Z-1-001.zip	Volume5IIIorg.json	facs_229_tr_1739222567	גאָלדפֿאַרב, שמואל	4125-4125				theatre			ליבהאָבער-פֿאַרשטעלונג	Employment_Performance	performer	באַטייליקט אין אַ ליבהאָבער-פֿאַרשטעלונג אין פֿאָלעניץ אַלס 'מאַקס' אין פֿיינמאַנס 'חנהלע די נייטאָרין'	מאַקס	1908		פֿאָלעניץ														descriptive_term	medium	S5	descriptive_term + medium, no title			
	drive-download-20260308T052916Z-1-001.zip	Volume5IIIorg.json	facs_276_tr_1739221992	לעווין, חנה	4220-4223				troupe	דראַמאַטישע קרייזן	דראַמאַטישע קרייזן	דראַמאַטישע קרייזן	Employment_Performance	performer	בסוד ווידער געשפּילט אין דראַמאַטישע קרייזן												יאָנאַס טורקאָוו — „פאַרלאָשענע שטערן“, בוענאָס איירעס, 1953, באַנד איינס, זז. 208-288						descriptive_term	medium	S3	descriptive_term + medium, with title (exhaustive)			
	drive-download-20260308T052916Z-1-001.zip	Volume5IIIorg.json	facs_371_tr_1739222499	נעלקען, משה	4410-4410				school			אומלעגאַלע שולן	Employment_Performance	employee	געווען דאָרט אויך אַ לערער אין די אומלעגאַלע שולן	לערער			לאָדזשער געטאָ														descriptive_term	high	S4	descriptive_term + high, no title			
	drive-download-20260308T052916Z-1-001.zip	Volume5IIIorg.json	facs_484_tr_1739220531	ראַן, משה	4636-4636				troupe	דראַמקאָלעקטיוו „דאָווקע“	דראַמקאָלעקטיוו „דאָווקע“		Leadership_Ownership	founder	גרינדער און רעזשיסער פֿון האַלב-פּראָפעסיאנעלן דראַמקאָלעקטיוו „דאָווקע“ (1934)	גרינדער	1934									1934							proper_name	medium	S9	random cross-check			
	drive-download-20260308T052916Z-1-001.zip	Volume5IIIorg.json	facs_560_tr_1739220843	אַריעל, רחל	4787-4787								Employment_Performance	performer	וואו זיי הייבט אָן, נאָך אַ קורצער צייט, צו שפּילן קליינע ראָלן	קליינע ראָלן																	ambiguous	low	S6	ambiguous + low, has context			
	drive-download-20260308T052916Z-1-001.zip	Volume5IIIorg.json	facs_563_tr_1739221890	סאַלמאַן, קלמן	4794-4794				theatre			די שונד-טעאַטערס	Employment_Performance	artistic_staff	על פי רוב אין די שונד-טעאַטערס	סופלער																	descriptive_term	medium	S9	random cross-check			
	drive-download-20260308T052916Z-1-001.zip	Volume5IIIorg.json	facs_590_tr_1739222452	פּאָלאָקעוויטש, משה	4847-4847																אוקראַינע												ambiguous	low	S9	random cross-check			
	drive-download-20260308T052916Z-1-001.zip	volume_2IIIorg.json	facs_9_r_3	טאַבאַקשניידער מ. י.	802-802				newspaper	גרויס און קליין	גרויס און קליין		Employment_Performance	employee	ט. האָט אין... „גרויס און קליין“... פֿאַרעפנטלעכט די סצענקעס						אַרגענטינע												proper_name	medium	S9	random cross-check			
	drive-download-20260308T052916Z-1-001.zip	volume_2IIIorg.json	facs_10_tr_1743943354	טאָגער, אהרן	804-804								Employment_Performance	performer	געשפּילט מיט ט. אין וואַרשע אויפֿן הויף פֿון וואָלף ליטוואַקס גאָרטן		1880																ambiguous	low	S6	ambiguous + low, has context			
	drive-download-20260308T052916Z-1-001.zip	volume_2IIIorg.json	facs_31_tr_1744131345	טאָמאַשעווסקי, מייק (מרדכי)	846-846				theatre			טעאַטער אין פֿילאדעלפיע	Leadership_Ownership	owner_manager	1927-8 — געווען מענעדזשער אין פֿילאדעלפיע	מענעדזשער	1927	1928	פֿילאדעלפיע														descriptive_term	medium	S5	descriptive_term + medium, no title			
	drive-download-20260308T052916Z-1-001.zip	volume_2IIIorg.json	facs_45_tr_1744131387	טורקאָוו, רחל	874-874				school	פּוילישע דראַמאַטישע שול פֿון הריניעוויעצקא	פּוילישע דראַמאַטישע שול פֿון הריניעוויעצקא		Education_Formation	graduate	געענדיקט אין 1927 די פּוילישע דראַמאַטישע שול פֿון הריניעוויעצקא			1927	וואַרשע	פּוילישע דראַמאַטישע שול פֿון הריניעוויעצקא	פּוילן				1927								proper_name	high	S1	proper_name + high confidence			
	drive-download-20260308T052916Z-1-001.zip	volume_2IIIorg.json	facs_54_r_9	טרוימאַן, חנה [קאַץ]	892-892				troupe			מיט יעקב ספּיוואַקאָווסקי	Employment_Performance	performer	דאַן הויבּט זי אָן שפּילן פּראָפעסיאָנעל מיט יעקב ספּיוואַקאָווסקי, מיטמאַכנדיק אַ טוּרנעע איבּער בּעלגיע	פּראָפעסיאָנעל	1913	1914		בּעלגיע	בּעלגיע												descriptive_term	medium	S5	descriptive_term + medium, no title			
	drive-download-20260308T052916Z-1-001.zip	volume_2IIIorg.json	facs_70_tr_1744131388	יאָעליט, חוה [גרינשפּאַן]	924-924				school	וואַרדי יאָעליט-טעאַטער-סטודיע	וואַרדי יאָעליט-טעאַטער-סטודיע		Leadership_Ownership	founder	גרינדעט זי צוזאַמען מיט וואַרדין די „וואַרדי יאָעליט-טעאַטער-סטודיע“																		proper_name	medium	S2	proper_name + medium confidence			
	drive-download-20260308T052916Z-1-001.zip	volume_2IIIorg.json	facs_72_tr_1744131378	יאָקובאָוויטש, היימאַן (חיים-נתן)	928-928				theatre			וואָדעוויל-הייזער	Employment_Performance	performer	מלחמה-צייט געשפּילט אין לאָדזש אין וואָדעוויל-הייזער				לאָדזש	וואָדעוויל-הייזער													descriptive_term	medium	S5	descriptive_term + medium, no title			
	drive-download-20260308T052916Z-1-001.zip	volume_2IIIorg.json	facs_89_tr_1744131436	לאַזאַראָוו, פֿייגע [קריניצאַיאַ]	962-962				troupe			טרופּע פֿון איר מאַן עליאָס לאַזאַראָוו	Employment_Performance	performer	דערנאָך שפּילט זי אין דער טרופּע פֿון איר מאַן עליאָס לאַזאַראָוו																		descriptive_term	high	S4	descriptive_term + high, no title			
	drive-download-20260308T052916Z-1-001.zip	volume_2IIIorg.json	facs_90_tr_1744131428	לאַטיינער יאָזעף	964-990				theatre	מאַרינסקי טעאַטער	מאַרינסקי טעאַטער		Employment_Performance	performer	געשפּילט אין מאַרינסקי טעאַטער, וואו עס זיינען אויפגעפירט געוואָרן ל.'ס פּיעסעס.	פאַרפאַסער	1880		אָדעס	מאַרינסקי טעאַטער							בּ. גאָרין — „געש. איד. טעאַט.“, I, זז. 242, 221-22, 192-200, II, זז. 280, 267-68, 203, 169-170, 125, 75-82, 30-33.						proper_name	high	S1	proper_name + high confidence			
	drive-download-20260308T052916Z-1-001.zip	volume_2IIIorg.json	facs_121_tr_1744279183	ליבּגאָלד, זעליג	1025-1025				troupe	ביי אַברהם אַקסעלראָד	ביי אַברהם אַקסעלראָד		Employment_Performance	performer	ער איז דערנאָך געוואָרן אַ פּראָפעסיאנעלער אַקטיאָר ביי אַברהם אַקסעלראָד אין טשערנאוויץ	פּראָפעסיאנעלער אַקטיאָר			טשערנאוויץ														proper_name	medium	S2	proper_name + medium confidence			
	drive-download-20260308T052916Z-1-001.zip	volume_2IIIorg.json	facs_138_tr_1744279171	לייוויק, ה. [לייוויק האַלפּער]	1059-1075																						דוד מאַניעוויטש — ה. לייוויקס „הירש לעקערט״, „פרייהייט“, נ. י. 23 אָקט. 1927.						ambiguous	low	S9	random cross-check			
307	drive-download-20260308T052916Z-1-001.zip	volume_2IIIorg.json	facs_186_r_2	לעווענזאָן, דוד	1156-1156	"געבוירן 15 מאי 1871 אין ריגע, לעטלאַנד, ביי בעל-הביתישע עלטערן. געענדיקט אַ שטאָטישע שול, דערנאָך באָזוכט רעאַל-שול, געזונגען אַלס סאָפּראַן (גערופן געוואָרן „דודל מנגן"") ביים חזן ראָזאָווסקי און זיך געלערנט אויסאַרבעטן זילבער-און בראנז-פיגורן. געקומען אין אַמעריקע, האָט ל. זיך פֿאַרנומען מיט זיין פֿאַך און געווען אַ מיטגליד אין דייטשע געזאַנג און דראַמאַטישע פאר איינען, אַרויסטרעטנדיק אין דייטשע אָפּערעטעס און קלאַסישע פּיעסעס. שפּעטער איז ער געוואָרן אַ מיטגליד אין יידישע דראמאַטישע פאַראיינען. אויף דער איניציאטיוו פֿון פֿיינמאַן געוואָרן אין שיקאגאָ אַ פּראָפעסיאנעלער יידישער אַקטיאָר, דעביוטירנדיק אַלס ""יאַפּע"" אין גאָרדיןס „דער יידישער קעניג ליר“ און באלד דערויף אָפּגעפֿאָרן קיין ניו-יאָרק, וואו ער האָט אַ סך יאָרן געשפּילט אונטער דער דירעקציע פֿון אַדלער און טאָמאַשעווסקי, אַרויסטרעטנדיק אין די ערשטע ליבהאָבער-ראָלן אין „היסטאָרישע אָפּערעטעס"". שפּעטער איז ל. געוואָרן אַן אונטערנעמער פֿון שטענדיקע טרופּעס איבער אַמעריקע (פין ניו יאָרק ביז קאָליפֿאַרניע), אויפֿירנדיק דעם אַלטן און נייעם יידישן אָפּערעטעס-רעפּערטואָר, אויך גאָרדיןס פּיעסעס, און צום ערשטן מאָל אין יידיש לעסינגס ""נתן החכם"". אין משך פֿון דערדאָזיקער צייט האָט ל. אייניקע סעזאָנען נעשפּילט אַלס ערשטער שוישפּילער און רעזשיסער אין פֿילאדעלפֿיער יידישן טעאַטער (מענ. — מייק טאָמאַשעווסקי). ל. איז געווען דער ערשטער צו שפּילן ""בענדזשאמין"" אין ליביןס „די געבראָכענע הערצער“, „פיטשע חזן“ אין גאָרדיןס „דודל משורר“, „דער בּעטלער“ אין לאַטיינערס „דער ייד אין רומעניע"" און גלייכצייטיק מיט ניו-יאָרק אויפֿגעפֿירט אין פֿילאדעלפֿייער גרין-סטריט-טעאַטער אַשס „גאָט פֿון נקמה"" (שפּילנדיק ""יעקל שאָפּשאָוויטש"") בעת זיין וואַנדערן איבער דער פּראָווינץ, האָט ל. געהאַט די געלעגנהייט צו שפּילן אין דייטש „יאגאָ“ אין „אָטעלאָ“, „קאַרל"" אין „די רויבער“ און דעם ליבהאָבער אין „אינטריגע און ליבע“, ווי אייך מיטצושפּילן אין דייטש מיט מאָריסאָנען איבער דער פּראָווינץ. 1926-27 האָט ל. געשפּילט אין ברוקלינער ליבערטי-טעאַטער (מענ. — אַנשל שאַר), 1930-31 — אין אָדען-טעאַטער, 1931-33 אין נואַרק. מ. נאָרין — ש. איד. טעאַט.“, II, ז. 226."	ש. ע.		school	שטאָטישע שול	שטאָטישע שול		Education_Formation	graduate	געענדיקט אַ שטאָטישע שול				ריגע		לעטלאַנד							בעל-הביתישע עלטערן	modest	religious			proper_name	high	S1	proper_name + high confidence			
	drive-download-20260308T052916Z-1-001.zip	volume_2IIIorg.json	facs_212_r	מאַגידזאָהן, איידאַ [סטאָן]	1208-1208				troupe			צוזאַמען מיט אים געשפּילט מיט דערפאָלג ... אין דרום-אפריקע, דערנאָך אין אייראָפּע און אַמעריקע	Employment_Performance	performer	צוזאַמען מיט אים געשפּילט מיט דערפאָלג, ערב דער בּורן-מלחמה, אין דרום-אפריקע, דערנאָך אין אייראָפּע און אַמעריקע						דרום-אפריקע						ה הערש — אידיש טעאַטער אין דרום אפריקע, „דרום-אָפריקע“, 5, 1928						descriptive_term	medium	S5	descriptive_term + medium, no title			
401	drive-download-20260308T052916Z-1-001.zip	volume_2IIIorg.json	facs_255_tr_1744280686	מיטעלמאַן, אהרן	1294-1294	געבוירן בערך 1868 אין יאָסי, רומעניע. פאָטער — אַ גמראַ מלמד, אַ בעל-מגיה, וועלכער טרייבט אַרויס דעם יונגן מ. פֿון שטוב נאָכדעם ווי ער דערוויסט זיך, אַז ער חברט זיך מיט אַקטיאָרן. זיין בינע-קאַריערע האָט מ. אָנגעהויבן צוזאַמען מיט זיידל העלמאַן, דערנאָך איז ער אַריבער צו אַקסעלראָד, און נאָכן אַרומפֿאָרן מיט פֿאַרשיידענע טרופּעס, האָט ער אין 1912 עמיגרירט קיין אַמעריקע. דאָ האָט מ. געשפּילט טעאַטער און וואָדעווייל אין ניו-יאָרק און אין פּראָווינץ און איז אייניקע יאָר געווען מענעדזשער פֿון דער אַקטיאָרן-יוניע, לאָקאָל 5 דעם 26 יולי 1925 איז מ. געשטאָרבן פֿון פאַראַליז אין ניו יאָרק און געקומען צו זיין אייביקער רו אויפֿן הר-חברון בית עולם.	מ. ע. פֿון זיידל העלמאַן.	[געב. בערך 1868 — געשט. 26 יולי 1925]	troupe	זיידל העלמאַן	זיידל העלמאַן	טרופּע	Employment_Performance	performer	זיין בינע-קאַריערע האָט מ. אָנגעהויבן צוזאַמען מיט זיידל העלמאַן												נעקראָלאָג אין „טאָג“, נ. י., 27 יולי 1925	פאָטער — אַ גמראַ מלמד, אַ בעל-מגיה, וועלכער טרייבט אַרויס דעם יונגן מ. פֿון שטוב נאָכדעם ווי ער דערוויסט זיך, אַז ער חברט זיך מיט אַקטיאָרן.	modest	religious	opposed		proper_name	medium	S2	proper_name + medium confidence			
412	drive-download-20260308T052916Z-1-001.zip	volume_2IIIorg.json	facs_259_tr_1744280735	מייערסאָן, ליאָסע	1302-1302	"געבוירן בערך 1909 אין אָדעס, אוקראַאינע עלטערן — די יידישע אַקטיאָרן מאַרק און סאָניע מייערסאָן. פֿון קינדווייז אָן געוואַנדערט צוזאַמען מיט די עלטערן איבער פֿאַרשיידענע שטעט. געלערנט פּריוואַט און אַ ביסל אין שול, טעאַטער-דערציאונג באַקומען ביים פֿאָטער און געשפּילט קינדער ראָלן אין די טרופּעס, אין וועלכע זיין פאַטער איז געווען רעזשיסער. 1922-23 — געשפּילט מיט די עלטערן אין קיעווער „קונסט- ווינקל', וואו ער דעביוטירט אין דער ראָל פון „אייניקל"" אין ""יהודית און אַלפורנוס"". 1923-24 — האָט ער שוין געשפּילט ראָלן פֿון דערוואַקסענע און פֿלעגט צוהעלפן זיין פֿאָטער אין רעזשי, פֿאָרמירן מוזיק א. ד. ג. 1927 — אַרומגעפֿאָרן מיט פֿאַרשיידענע וואַנדער-קאָלעקטיוון, וואו ער שפּילט שוין פֿאַראַנטוואָרטלעכע ראָלן. 1928 — אַריינגעטראָטן אין „קונסט-ווינקל' אין דניעפּראָפּעטראָווסק, 1929 — אין ניי-געשאַפענעם טעאַטער פֿון קליינע פֿאַרמעס „געזקולט“, וואו ער איז טעטיק ביז 1931, און סוף 1931 — מיטגעהאָלפֿן גרינדן אין אָדעס אַן אינטערנאַציאָנאָל טעאַטער פֿון קליינע פֿאַרמעס ביים אַלאוקראַאינישן געווערבישן פֿאַרבאַנד פֿון קאָאָפּעראַציע (דאָס טעאַטער פלעגט שפּילן אין יידיש, אוקראַאיניש און רוסיש), וואו ער איז געווען טעטיק אַלס אַקטיאָר, קינסטלערישער אָנפֿירער און האָט דאָרט אויך רעזשיסירט אייניקע שטעלונגען. 1932 — האָט ער אַרגאַניזירט אין אָדעס אַ קאָלעקטיוו פֿון קליי נע פֿאָרמעס אין רוסיש פֿאַרן אוראַלער געגנט, וואָס שפּילט אין סווערדלאָווסק, וואו ער איז קינסטלערישער אָנפֿירער. ער האָט אויך פֿאָרמירט די שטעלונג ""שעפּסן קוואָל“ אין באַוועגלעכן יידישן מלוכה-טעאַטער אין אוקראַאינע."	ש. ע. פֿון מאַרק לייפציקער.	[געב. בערך 1860 — געשט. 24 מאי 1928]	troupe			טרופּעס, אין וועלכע זיין פאַטער איז געווען רעזשיסער	Employment_Performance	performer	געשפּילט קינדער ראָלן אין די טרופּעס, אין וועלכע זיין פאַטער איז געווען רעזשיסער	קינדער ראָלן												עלטערן — די יידישע אַקטיאָרן מאַרק און סאָניע מייערסאָן		maskilic_secular	connected		descriptive_term	high	S4	descriptive_term + high, no title			
	drive-download-20260308T052916Z-1-001.zip	volume_2IIIorg.json	facs_268_tr_1744280822	מילנער מאַרקאָ (מאַרעק)	1320-1320				theatre			כאַרקאָווער דראַמאַטישע קרייזן	Leadership_Ownership	owner_manager	אָנפֿירנדיק צוגלייך מיט כאַרקאָווער דראַמאַטישע קרייזן	אָנפֿירנדיק			כאַרקאָוו														descriptive_term	high	S4	descriptive_term + high, no title			
	drive-download-20260308T052916Z-1-001.zip	volume_2IIIorg.json	facs_323_tr_1744365725	נעראָסלאַווסקאַ, אסתר	1430-1431				theatre	פּיפּלס טעאַטער	פּיפּלס-טעאַטער		Employment_Performance	performer	אין ניו-יאָרקער פּיפּלס טעאַטער		1922	1924	ניו-יאָרקער	פּיפּלס טעאַטער							"[—] — אין דער אידישער טהעאַטער וועלט, „פאַרוו."", נ. י., 4 אָקט. 1923."						proper_name	medium	S2	proper_name + medium confidence			
	drive-download-20260308T052916Z-1-001.zip	volume_2IIIorg.json	facs_326_r_2	סאָלאָמאָנעסקאָ, אָסקאַר	1435-1435															עסטרייך	עסטרייך												ambiguous	low	S6	ambiguous + low, has context			
	drive-download-20260308T052916Z-1-001.zip	volume_2IIIorg.json	facs_327_tr_1744365754	סאַמאָלעסקאָ, דעיוו	1437-1437				other			בלעך-פֿאָבריק	Employment_Performance	employee	דערנאָך אין אַ בלעך-פֿאָבריק	אַרבעטער				בלעך-פֿאָבריק													descriptive_term	medium	S5	descriptive_term + medium, no title			
588	drive-download-20260308T052916Z-1-001.zip	volume_2IIIorg.json	facs_360_tr_1744365766	סמיטה, דוד [שמידט]	1503-1503	"געבוירן בערך 1830 אין פּלאָצק, פּוילן. בערך 1887 געקומען אין לאָנדאָן און דאָ געוואָרן אַ קצב. בעת יעקב פּ. אַדלער איז געקומען אין לאָנדאָן, האָט זיך ס. מיט אים נאָנט באַפֿריינדעט און אים געגעבן די מעגלעכקייט צו שפּילן אין „היברו דראַמאָטיק קלאָב"" אויף פּרינצעס סטריט נומער 3 (לאָנדאָן). פֿאָר דער פּאַליציי האָט עס געהייסן, אַז מען שפּילט כלומרשט נאָר פֿאַר די מיטגלידער פֿון קלוב און דורכדעם איז אויסגעמידן געוואָרן דאָס אַרויסנעמען אַ ספּעציעלע דערלויבניש, וואָס מ'וואָלט אין אַזאַ נישט-פּאַסיקן לאָקאַל נישט באַקומען. ס. האָט זייער ליב געהאַט יידיש טעאַטער און ער איז באלד געוואָרן דער אונטערנעמער פֿון דער טרופּע. אַליין אַן אַנאַלפאַבעט, האָט ער די געשעפטלעכע פֿירונג פֿון טעאַטער איבערגעגעבן זיין זון אייבראהאם. דעם 18 יאַנואַר 1887 איז בעת אַ פֿאָׁרשטעלונג אין דעם קלוב אויסגעבראַכן אַ מהומה, וואָס האָט דערפֿירט צו 17 קרבנות און געשטערט אָנצוגיין דאָרט מיט ווייטערדיקע פֿאָרשטעלונגען. ב. גאָרין דערציילט : „אין פּרינצעס קלוב איז שוין איינגעפירט געוואָרן אַ נייע טאַקטיק צו צאָלן די אַקטיאָרן שכירות, און אַזאַ קראפֿט ווי אַדלער האָט געקריגן אַן ערך פֿון דריי פֿונט און צען שילינג אַ וואָך. דאָס האָט מען גערעכנט פֿאַר גוואַלדיק גרויסע שכירות. איצט האָט מען שוין געשפּילט די גאַנצע וואָך, אַ חוץ פֿרייטאָג צו נאַכט און שבת בייטאָג. מען האָט אָפּגעהיט שבת ניט דערפֿאַר, וואָס דער דירעקטאָר און די אַקטיאָרן זיינען געווען אַזוי פֿרום, און אויך ניט דערפֿאַר, וואָס דער יידישער לאָנדאַנער עולם האָט ניט געוואָלט מחלל שבת זיין, נאָר ווייל די פֿרומע האָבן געהאַט אַ בייטש איבערן קלוב. ווי עס איז שוין פֿריער געווען ערקלערט, איז דאָס שפּילן אין קלוב ניט צוגעגאַנגען אינגאַנצן כשר, און חוץ דעם איז דער דירעקטאָר געווען אַ קצב און ער האָט געמוזט פירן אַ יידישן שטאַט. ...אַרום דער דאָרטיקער יידישער בינע האָבן זיך גרופּירט די בעסטע קרעפטן פֿון יענער צייט. עס האָט געשיינט, אַז דער יידישער טעאַטער אין לאָנדאַן וועט ניט נאָר ניט דאָרפן זיך שעמען פֿאַרן יידישן טעאַטער אין לאָנדאָן, נאָר ער וועט נאָך פֿאַררייסן דעם קאָפּ קעגן אים אָבער איידער דאָס איז געשען, האָט געטראָפן אַן אומגליק אין דעם פּרינצעס קלוב בשעת מען האָט דאָרטן געשפּילט. אין מיטן ווינטער [18 יאַנואַר] אין 1887 האָט עמיצער אויסגעשריען ""פֿייער!“, און אין דער מהומה זיינען זיצען מענטשן אומגעקומען. די אַקטיאָרן האָבן נאַכדעם פֿאַרלוירן דעם מוט און האָבן געזוכט צו אַנטלויפֿן וואָס גיכער פֿון לאָנדאָן"". אַ גענויע באַשרייבונג פֿון דער קאַטאַסטראָפע געפֿינט זיך אין לאָנדאַנער „דיא צוקונפט"" פֿון 21 און 28 יאַנואַר 1887 אַ קורצע צייט נאָך דער קאַטאַסטראָפע האָט מען ווידער גענומען שפּילן אין דעם זעלבן קלוב, אָבער דער באזוך איז געווען אַ שוואַכער און די אַקטיאָרן האָבן אָנגעהויבן עמיגרירן קיין אַמעריקע. ס. איז דעם 26 יאַנואַר 1909 געשטאָרבן אין פלעשוט, לאַנדאָן."	מ. ע. פֿון זיין פאַמיליע, יעקב קאַצמאַן, דיינע פֿיינמאַן, פּראָפּ. פ. שטויב.	געב. בערך 1830 — געשט. 26 יאָנ. 1909]	theatre	היברו דראַמאָטיק קלאָב	היברו דראַמאַטיק קלאָב	פּרינצעס קלוב	Leadership_Ownership	owner_manager	ער איז באלד געוואָרן דער אונטערנעמער פֿון דער טרופּע	אונטערנעמער			לאָנדאָן	פּרינצעס קלוב			פּרינצעס סטריט נומער 3				ב. גאָרין — „געש. איד. טעאַט.“, II, זז. 48-50.	דער דירעקטאָר געווען אַ קצב און ער האָט געמוזט פירן אַ יידישן שטאַט	modest	religious	connected		proper_name	medium	S2	proper_name + medium confidence			
	drive-download-20260308T052916Z-1-001.zip	volume_2IIIorg.json	facs_379_tr_1744366858	עדלין, וויליאַם	1542-1542								Employment_Performance	artistic_staff	אין 1930 צוריק אַריינגעטראָטן אַלס רעדאַקציע-מיטגליד און רעדאַקטאָר פֿון דער טעאַטער-זייט	רעדאַקטאָר פֿון דער טעאַטער-זייט	1930																ambiguous	low	S6	ambiguous + low, has context			
672	drive-download-20260308T052916Z-1-001.zip	volume_2IIIorg.json	facs_408_tr_1744366805	ערנסט, שמעון	1600-1600	"געבוירן 4 אויגוסט 1900 אין קראָקע, גאַליציע, אין אַן אָרימער פֿאַמיליע. אַן אייניקל פֿון רי שימעלע יאָנאָווער, רב און „גוטער ייד"" אין יאָנעווע, פּעטריקאַווער געגנט. באַקומען אַ חסידישע דערציאונג אין חדרים. צו 14 יאָר אַוועקגעפאָרן מיט די עלטערן קיין אַרץ-ישראל, וואו ער לערנט ביז 16 יאָר ביים ירושליםער דיין ר' צבי-פּסח פראַנק, אין דער ישיבה „לשכת הרבנים"" אין ירושלים. דערנאָך זיך אָפּגעגעבן מיט השכלה, באזוכט דעם לערער-סעמינאר פֿון הילפס-פאַראיין און איז די לעצטע יאָרן באַשעפטיקט אַלס ביבליאָטעקאַר פֿון דער שטאָט-ביבליאָטעק ""שער ציון“ אין תל-אביב. זינט 1921 פֿאַרעפנטלעכט אַרטיקלען וועגן שרייבער און ביכער אין יידישע, העברעישע און דייטש-יידישע צייטשריפטן. אין ""אַרכיוו פֿאַר דער געשיכטע פֿון יידישן טעאַטער און דראָמע"" (רעדאַקטאָר דר. יעקב שאַצקי, ערשטער באַנד, ווילנע 1930, אַרויסגעגעבן דורכן יידישן וויסנשאַפֿטלעכן אינסטיטוט) האָט ע. פֿאַרעפנטלעכט אַ גרעסערע שטודיע ""טעקסטן און קוועלן צו דער געשיכטע פֿון טעאַטער, פֿאַרוויילונגען און מאסקאַראדן ביי יידן"" זז. 5-37). ער האָט אויך ביי פֿאַרשיידענע געלעגנהייטן פֿאַרעפנטלעכט אַרטיקלען וועגן פּורים פּיעסעס און פֿאַרשטעלונגען."			school	"ישיבה „לשכת הרבנים"" אין ירושלים"	"ישיבה „לשכת הרבנים"" אין ירושלים"		Education_Formation	student	"וואו ער לערנט ביז 16 יאָר ביים ירושליםער דיין ר' צבי-פּסח פראַנק, אין דער ישיבה „לשכת הרבנים"" אין ירושלים"			1916	ירושלים	"ישיבה „לשכת הרבנים"""							"ז. רייזען - „לעקס ייד. ליט."", II, זז. 825-826."	אין אַן אָרימער פֿאַמיליע	poor				proper_name	medium	S2	proper_name + medium confidence			
	drive-download-20260308T052916Z-1-001.zip	volume_1IIIorg.json	facs_39_tr_1740520985	אוריך, צילע [חיה צילע פערער]	45-45				troupe	יונגווירטן	יונגווירט		Employment_Performance	performer	זייט 1898 איז ווין ביי יונגווירטן.		1898		ווין														proper_name	medium	S2	proper_name + medium confidence			
	drive-download-20260308T052916Z-1-001.zip	volume_1IIIorg.json	facs_43_tr_1740521002	אייזערמאַן, לייבל	54-54				business			שניידער-וואָרשטאָט	Employment_Performance	performer	פֿלעגט זינגען לידלעך פֿאָר די געזעלן פֿון זיין ברודערס שניידער-וואָרשטאָט	זינגער																	descriptive_term	medium	S5	descriptive_term + medium, no title			
	drive-download-20260308T052916Z-1-001.zip	volume_1IIIorg.json	facs_50_tr_1740521046	אַמאַטין, פּעטער [פּסח גאָלדבערג]	67-67				troupe			וואַנדער-טרופּע אונטער זיין דירעקציע	Leadership_Ownership	founder	אָרגאַניזירט אין רומעניע אַ וואַנדער-טרופּע אונטער זיין דירעקציע	דירעקציע	1922				רומעניע												descriptive_term	high	S4	descriptive_term + high, no title			
	drive-download-20260308T052916Z-1-001.zip	volume_1IIIorg.json	facs_51_tr_1740521069	אַמזעל,וואָלף	70-70								Employment_Performance	performer	זייט 1923 וואַנדערט ער ווידער מיט פֿאַרשיידענע חברים-טרופּעס איבער דער פּראָווינץ.		1923																ambiguous	low	S6	ambiguous + low, has context			
	drive-download-20260308T052916Z-1-001.zip	volume_1IIIorg.json	facs_68_tr_1740521054	אַרקאָ, איסאַק	103-103								Employment_Performance	artistic_staff	אברהם ליטמאָן נעמט אים אַריין צו זיך אין טעאַטער אין דעטראָזט אַלס אַקטיאָר און סטיידזשמענעדזשער	סטיידזשמענעדזשער	1923																ambiguous	low	S6	ambiguous + low, has context			
	drive-download-20260308T052916Z-1-001.zip	volume_1IIIorg.json	facs_79_tr_1740520948	כאַראַטאָוו, בן-צכי [פּאָוועל ברענער]	125-125								Employment_Performance	performer	אין 1928-9 שפּילט ער ווידער אין קונסט-טעאַטער אין ניו יאָרק		1928	1929															ambiguous	low	S9	random cross-check			
	drive-download-20260308T052916Z-1-001.zip	volume_1IIIorg.json	facs_98_tr_1740520997	ביקעלס-שפּיצער, צבי דר.	164-165				school	דראָמשולע ביים פוילישן שטאָט-טעאַטער	דראָמשולע ביים פוילישן שטאָט-טעאַטער		Education_Formation	student	ווערט אַפילו אַ סטודענט אין דער דראָמשולע בוום פוילישן שטאָט-טעאַטער אין לעמבערג	סטודענט			לעמבערג	פוילישן שטאָט-טעאַטער													proper_name	medium	S2	proper_name + medium confidence			
	drive-download-20260308T052916Z-1-001.zip	volume_1IIIorg.json	facs_123_tr_1740520964	בראָגינסקאַ כינע [פישזאָן]	283-283				theatre	גליקמאַן	גליקמאַן		Employment_Performance	performer	שפּעטער אין שיקאַגאַ ביי גליקמאַן	שפּילט			שיקאַגאַ														proper_name	medium	S9	random cross-check			
374	drive-download-20260308T052916Z-1-001.zip	volume_1IIIorg.json	facs_147_tr_1740521016	גאָלד, לייבוש	261-261	"געב. ...186 אין פּיעטראָקאָוו, פּוילן. זיי ער יונג אויסגעוואַנדערט קיין לאָנדאָן, דאָ נעמט אים אַריין מאָקס ראָזענטאָל (אָלס לאַנדסמאַן) אין כאָר פֿון יידישן טעאַטער, און אין משך פֿון אַ קורצער צייט ווערט ג. אַן אַקטיאָר. אין 1886 שפּילט ג. אין פּרינזעס-קלאָב צוזאַמען מיט אַדלער, גראָדנער און פרוי, ליפּצין, רודאָלף מאַרקס, קאָצמאַן און פרוי מאַקס ראָזענטאָל, אָננאַ העלד, דיינאַ שטעטין (שפּעטער פֿיינמאַן), מאַנע און פרוי, בוים, שראַגע און פֿייוועלע פֿרידמאַן, און ווען אָדלער פֿאָרט אין 1887, נאָך דער קאַטאַסטראָפע אין דאָזיקן טעאַטער, קיין אַמעריקע, געפֿיינט זיך ג. אין זיין טרופּע. דאַ צייכנט זיך אויס ג. אַלס קאָמיקער און טענצער, ווערט לייכט אַריינגענומען אין די עקסיסטירנדיקע יידישע טעאַטערס און איז שפּעטער איינער פֿון די גרינדער פֿון דער דאָמאָלטדיקער אַקטיאָרן יוניע. 17 יאָר שפּילט ג. צוזאַמען מיט טאָמאַשעווסקין, און פֿאַרנעמט די גאַנצע צייט אַן אָנגעזעען אָרט אַלס כאַראַקטער-ראָליסט און קאָ מיקער. ג.'ס בעסטע ראָל איז געווען „פיטשע שמש"" אין זאָלאַטאָרעווסקיס ""ישיבה-בחור"". דעם 26 פעברואר 1922 איז ג. געשטאָרבן אין ניו יאַרק."	מ. ע. פֿון מאַקס ראָזענטאָל און דיינע פּיינמאַן.	[געב. ...186 — געשט. 26 פעב. 1922	theatre	יידישן טעאַטער	יידישן טעאַטער	כאָר פֿון יידישן טעאַטער	Employment_Performance	performer	נעמט אים אַריין מאָקס ראָזענטאָל (אָלס לאַנדסמאַן) אין כאָר פֿון יידישן טעאַטער	אין כאָר			לאָנדאָן	יידישן טעאַטער							ב. גאָרין — „געש. איד. טעאַט“ II, זז. 49, 51, 60.						proper_name	medium	S9	random cross-check			
394	drive-download-20260308T052916Z-1-001.zip	volume_1IIIorg.json	facs_151_r_6	גאָלדיצע	270-270	"געבוירן אין בוקאַרעסט, רומעניע. לויט איציקל גאָלדענבערג איז איר נאָמען געווען גאָלדע און זיי איז געווען די פרוי פֿון אַ טעאַטער-מאָלער — ווייס אָדער ווייסמאַן. בעת אַ סכסוך צווישן גאָלדפֿאַדען און זיין טרופּע, האָט גאָלדפאָדען זיי געמאַכט פֿאַר אַן אַקטריסע. גאָלדפֿאַדען דערציילט אין זיין אויטאָביאָגראָפיע: „דאָס נייע אַקטעריסעלע האָט שנעל פּראָגרעסירט אויף דער בינע, ווייל אַלס הפקר-קינד, נאָך פֿאַר דער בינע, איז זי געוואוינט געווען ניט צו שרעקן זיך פֿאַר מענטשן און האָט געהאַט מער מוט און חוצפּה. דערנאָך האָט זי געשפּילט „שמענדריק“, וואו זיי האָט זייער גוט קאָפּירט דעם אַנטלאָפענעם מאָגולעסקאָ..."" לויט יצחק ליברעסקאָ האָט גאָלדיצאַ שפּעטער געשפּילט אין אַ חברים-טרופּע איבער דער רומענישער פּראָווינץ. ב. גאָרין — „געש. איד. טעאַט.“, I. ז. 94"	מ. ע. פֿון פרוי וויינבלאַט, צעזאָר גרינבערג און איציקל גאָלדענבערג.		troupe	גאָלדפֿאַדען און זיין טרופּע	גאָלדפֿאַדען און זיין טרופּע		Employment_Performance	performer	האָט גאָלדפאָדען זיי געמאַכט פֿאַר אַן אַקטריסע	אַקטריסע											זלמן זילבערצווייג — „הינטערן פּאָרהאַנג“, ווילנע, 1928. ז. 100.	הפקר-קינד				orphan	ambiguous	low	S6	ambiguous + low, has context			
	drive-download-20260308T052916Z-1-001.zip	volume_1IIIorg.json	facs_204_tr_1741260315	גאָלדשטיין, איידא	376-376				troupe			פילאָדעלפיער יידישער טרופּע	Employment_Performance	performer	זינגען 3 וואָכן אין כאָר, אָנגעהויבן באַקומען ראָלן	כאָר			פילאָדעלפיע	פילאָדעלפיער יידישער טרופּע													descriptive_term	medium	S5	descriptive_term + medium, no title			
	drive-download-20260308T052916Z-1-001.zip	volume_1IIIorg.json	facs_205_tr_1741260267	גאָלדשטיין, דזשאָן ס. [יעקב]	378-379				school	פּאָבליק סקול	פּאָבליק-סקול		Education_Formation	graduate	דערנאָך געענדיקט פּאָבליק סקול												"סידני גאָרדאָן — מען פּויערט איצט דעם 25-געהרגען יובילעאום פון דזשעני גאָלדשטיין אַלס אַקטריסע — „פאַרוו."", 2 דעצ. 1927"						proper_name	medium	S2	proper_name + medium confidence			
	drive-download-20260308T052916Z-1-001.zip	volume_1IIIorg.json	facs_207_tr_1741260336	גאָלדשטיין, לואיס	382-382				union	וואָרעוויליוניע (לאָקאָל 5)	וואָרעוויליוניע (לאָקאָל 5)		Leadership_Ownership	executive	ג. איז אַ לענגערע צייט געווען פּרעזידענט פֿון דער וואָרעוויליוניע (לאָקאָל 5)	פּרעזידענט																	proper_name	medium	S9	random cross-check			
	drive-download-20260308T052916Z-1-001.zip	volume_1IIIorg.json	facs_253_tr_1741260231	גורסקאַ, סאָניאַ [פריידע-שיינע גורעוויטש]	474-474				theatre	"יידישן „ליבהאָבער“-קרייז א""פ פֿון פּיראָזשניקאָוו"	"יידישן „ליבהאָבער“-קרייז א""פ פֿון פּיראָזשניקאָוו"	יידישן „ליבהאָבער“-קרייז	Employment_Performance	performer	"טרעט אַריין אין אַ יידישן „ליבהאָבער“-קרייז א""פ פֿון פּיראָזשניקאָוו"				ווילנע														proper_name	high	S1	proper_name + high confidence			
	drive-download-20260308T052916Z-1-001.zip	volume_1IIIorg.json	facs_257_tr_1741260316	גינזבורג, שאול	481-481				school	אוניווערזיטעט	אוניווערזיטעט		Education_Formation	graduate	נאָכן ענדיקן דעם אוניווערזיטעט																		proper_name	medium	S2	proper_name + medium confidence			
	drive-download-20260308T052916Z-1-001.zip	volume_1IIIorg.json	facs_299_tr_1741260436	דעמביצער, יואל-דוד	566-566				union			יידישער אַרבעטער-באַוועגונג	Affiliation_Membership	member	געקומען אין באַרירונג מיט דער יידישער אַרבעטער-באַוועגונג																		descriptive_term	medium	S5	descriptive_term + medium, no title			
	drive-download-20260308T052916Z-1-001.zip	volume_1IIIorg.json	facs_319_r_1	הורוויץ שאַרלאָטא [שיפרע]	606-606				troupe	די טרופּעס, וואו איר פאָטער און מאַן זיינען מיטבאַטייליקט	די טרופּעס, וואו איר פאָטער און מאַן זיינען מיטבאַטייליקט	די טרופּעס, וואו איר פאָטער און מאַן זיינען מיטבאַטייליקט	Employment_Performance	performer	דאָ שפּילט זי 2 יאָר אין די טרופּעס, וואו איר פאָטער און מאַן זיינען מיטבאַטייליקט		1888	1890	אַמעריקע														descriptive_term	medium	S3	descriptive_term + medium, with title (exhaustive)			
	drive-download-20260308T052916Z-1-001.zip	volume_1IIIorg.json	facs_344_tr_1741260465	וואַסערמאַן, יעקב	656-656				school			אַלס לערער פֿון ענגליש	Employment_Performance	employee	וואו ער איז געווען באָשעפטיקט אַלס לערער פֿון ענגליש	לערער פֿון ענגליש			וואַרשע														descriptive_term	medium	S5	descriptive_term + medium, no title			
	drive-download-20260308T052916Z-1-001.zip	volume_1IIIorg.json	facs_381_r_6	וועטשטיין, קלאַראַ [נעכעלעס-בוקסענבוים]	49-49														לאָנדאָן		ענגלאַנד												ambiguous	low	S6	ambiguous + low, has context			
	drive-download-20260308T052916Z-1-001.zip	volume_1IIIorg.json	facs_383_tr_1739715273	זאַהיק, דוד	734-734				newspaper	מיניקעס יום-טוב-בלעטער	מיניקעס יום-טוב בלעטער		Employment_Performance	employee	„מיניקעס יום-טוב-בלעטער“																		proper_name	medium	S2	proper_name + medium confidence			
	drive-download-20260308T052916Z-1-001.zip	Volume_4IIIorg.json	facs_39_tr_1752612112	ראָזענשטיין, סעמועל [שמואל]	2482-2484								Leadership_Ownership	owner_manager	פּרובט ר. ווידער (צוזאַמען מיט ראָזאַ קאַרפּ) ווערן מענעדזשער אין לענאָקס-טעאַטער	מענעדזשער	1925	1926															ambiguous	low	S6	ambiguous + low, has context			
	drive-download-20260308T052916Z-1-001.zip	Volume_4IIIorg.json	facs_41_r_2	ראָזענטאַל, מאַקס	2485-2489				troupe	אַדלערס טרופּע	אַדלערס טרופּע		Employment_Performance	performer	טרעט ער אַריין אין אַדלערס טרופּע	שוישפּילער			לאָנדאָן		ענגלאַנד						מ. מלמד — וועגען דעם ערשט פֿאַרשטאָרבענעם מאַקס ראָזענטאַל, „די אידישע וועלט“, פֿילא, 8 אַפּריל 1938.						proper_name	medium	S9	random cross-check			
	drive-download-20260308T052916Z-1-001.zip	Volume_4IIIorg.json	facs_129_r_2	צוקערבערג, הערשל	2661-2663								Leadership_Ownership	owner_manager	1928-9 מענעדזשער פֿון סט. לואיס	מענעדזשער	1928	1929															ambiguous	low	S6	ambiguous + low, has context			
	drive-download-20260308T052916Z-1-001.zip	Volume_4IIIorg.json	facs_138_tr_1754224987	פינקעל, עמאַ [טאָמאַשעווסקי]	2680-2684																						יוסף רומשינסקי — „קלאַנגען פֿון מיין לעבן“, ניו יאָרק, 1944, זז. 289-93.						ambiguous	low	S7	ambiguous + low, nearly empty			
	drive-download-20260308T052916Z-1-001.zip	Volume_4IIIorg.json	facs_141_tr_1754377600	ראַבינאָוויטש, לעאָן [לייבל]	2686-2686				school			שולן אין פּאַריז	Employment_Performance	artistic_staff	איז אין פּאַריז ... געווען כאָר-דיריגענט אין די דאָרטיקע שולן	כאָר-דיריגענט			פּאַריז		פראנקרייך												descriptive_term	high	S4	descriptive_term + high, no title			
	drive-download-20260308T052916Z-1-001.zip	Volume_4IIIorg.json	facs_565_tr_1755029876	אָפּשאַצונגען	3533-3867																						"דר. שלמה בייקל — דער פֿאַרכישופטער שניידער, „ליט""בלט“, וואַרשע,  נ' 29, .1930"						ambiguous	low	S7	ambiguous + low, nearly empty			
	drive-download-20260308T052916Z-1-001.zip	Volume_4IIIorg.json	facs_590_tr_1755030075	עהרענרייך, הירש	3584-3584								Leadership_Ownership	executive	געווען סעקרעטאָר פֿון דער פּועלי-ציון פּאַרטיי	סעקרעטאָר	1910	1922															ambiguous	low	S6	ambiguous + low, has context			
	drive-download-20260308T052916Z-1-001.zip	Volume_4IIIorg.json	facs_590_tr_1755030075	עהרענרייך, הירש	3584-3584				school	יידישע ראַדיקאַל-נאַציאָנאַלע שולן	יידישע ראַדיקאַל-נאַציאָנאַלע שולן	יידישע ראַדיקאַל-נאַציאָנאַלע שולן	Leadership_Ownership	founder	געהאָלפֿן גרינדן די יידישע ראַדיקאַל-נאַציאָנאַלע שולן	גרינדער																	descriptive_term	medium	S3	descriptive_term + medium, with title (exhaustive)			
	drive-download-20260308T052916Z-1-001.zip	Volume_4IIIorg.json	facs_622_tr_1755030211	צייטלין, אהרן [-אליעזר]	3647-3650																						דר. א. מוקדוני — אַ נייער דראַמאַטורג, „מאָ“זש“, נ. י., 21 פעברואר 1930.						ambiguous	low	S9	random cross-check			
	drive-download-20260308T052916Z-1-001.zip	Volume_4IIIorg.json	facs_644_tr_1755030005	קאַלמאַנאָוויטש, הערי	3691-3899																						א. עפּשטיין — לודווייג זאַץ אַלס „גזלן“, „טאָג“, נ. י. 2 מערץ 1929						ambiguous	low	S7	ambiguous + low, nearly empty			
	drive-download-20260308T052916Z-1-001.zip	Volume_4IIIorg.json	facs_644_tr_1755030005	קאַלמאַנאָוויטש, הערי	3691-3899																						בילד און אַ מעלאָדראַמע, „טאָג“, נ. י., 2 אָקט. 1931						ambiguous	low	S7	ambiguous + low, nearly empty			
	drive-download-20260308T052916Z-1-001.zip	Volume_4IIIorg.json	facs_651_tr_1755030222	אַלעקס שניידמאַן	[2]-[2]				theatre	יידיש דראַמאַטישער קרייז	יידיש דראַמאַטישער קרייז	יידישער דראַמאַטישער גרופּע	Leadership_Ownership	founder	ווערט ער דאָרט אַ מיטגרינדער פֿון אַ יידישער דראַמאַטישער גרופּע	מיטגרינדער	1921		מילוואָקי		אַמעריקע					1921							proper_name	high	S1	proper_name + high confidence			
	drive-download-20260308T052916Z-1-001.zip	Volume_4IIIorg.json	facs_654_tr_1755029981	דר. וועלוול אַסטראָווסקי	[4]-[4]				newspaper			יידישער פּרעסע	Employment_Performance	employee	פון צייט צו צייט האָט ער פאַרעפנטלעכט אַרטיקלען אין דער יידישער פּרעסע	מחבר פון אַרטיקלען																	descriptive_term	medium	S5	descriptive_term + medium, no title			
